id,name,width,hits,peak_start_rel_tss,peak_obs,peak_exp,enrichment,log10p,null_log10p_mean,sense_frac,emp_p,bh_q
MA0156.4,FEV,9,7660,-25,587.0,216.5836132166959,2.702409392449968,-94.89275232982187,-3.0959518280677023,0.4463373083475298,0.0007849293563579278,0.10254397617034978
MA1483.3,ELF2,10,5257,-26,451.0,166.71743791353003,2.695008972370764,-72.98454935123655,-3.120382722046866,0.4501108647450111,0.0013736263736263737,0.10254397617034978
MA0098.4,ETS1,9,5591,-26,481.0,185.5082736268971,2.584335754263766,-72.22816875828302,-4.790786184412939,0.43243243243243246,0.0013736263736263737,0.10254397617034978
MA1484.2,ETS2,9,5944,-23,485.0,189.645396434006,2.5492354344272576,-71.03942421402103,-3.1344447529555732,0.44123711340206184,0.0013736263736263737,0.10254397617034978
MA0763.2,ETV3,9,4842,-24,406.0,146.0703549734322,2.7673829989294805,-68.87405499195185,-3.8125938046458554,0.4482758620689655,0.0015698587127158557,0.10254397617034978
MA1511.2,KLF10,9,17074,-3,1091.0,615.0616722022213,1.7725498099832329,-66.41808061279974,-2.2959379935600226,0.46562786434463793,0.0017660910518053376,0.10254397617034978
MA0746.3,SP3,11,14975,-4,1070.0,599.576105153989,1.783287731244974,-66.40280924208567,-3.953764976972818,0.5317757009345795,0.0017660910518053376,0.10254397617034978
MA0028.3,ELK1,9,8657,-23,623.0,286.92158506610707,2.1672567544969894,-65.35200278872873,-4.206223040325727,0.45585874799357945,0.0017660910518053376,0.10254397617034978
MA0760.2,ERF,9,5415,-24,440.0,172.87051899444194,2.5363701825385205,-64.0143159704258,-3.638723793269759,0.43863636363636366,0.0017660910518053376,0.10254397617034978
MA0641.1,ELF4,12,5498,-26,454.0,181.44412523038991,2.4939142294958927,-63.97171090258884,-3.759943709604461,0.460352422907489,0.0017660910518053376,0.10254397617034978
MA0740.2,KLF14,9,15760,-3,1080.0,615.1048637328122,1.7545714433262454,-63.682160945244355,-6.561351905422611,0.4601851851851852,0.0017660910518053376,0.10254397617034978
MA0764.4,ETV4,9,8791,-26,641.0,305.2113115474897,2.096591392249837,-62.2587694991898,-5.451647546050406,0.46333853354134164,0.0017660910518053376,0.10254397617034978
MA2562.1,TIGD5,13,2349,-22,254.0,75.12634578866938,3.3496944764417433,-58.14305795391031,-3.4654525109026757,0.531496062992126,0.002551020408163265,0.10254397617034978
MA0076.3,ELK4,9,6759,-24,516.0,234.02218611682753,2.1997923197897737,-56.22352366945729,-3.551750989457752,0.5348837209302325,0.002551020408163265,0.10254397617034978
MA0645.2,ETV6,9,5771,-34,422.0,177.40453160235248,2.371016006156327,-54.06852596487892,-3.5046024972509304,0.48104265402843605,0.002551020408163265,0.10254397617034978
MA0765.4,ETV5,9,10079,-23,675.0,354.709078603752,1.9004294257921972,-51.00718222219012,-3.110990344905685,0.46074074074074073,0.0027472527472527475,0.10254397617034978
MA0686.2,SPDEF,10,5293,-26,407.0,173.1161378772575,2.343263553706998,-50.99180901212904,-3.2308275043303603,0.44471744471744473,0.0027472527472527475,0.10254397617034978
MA0475.3,FLI1,9,4926,-28,426.0,185.85300959544858,2.2852187445334087,-50.63405768804487,-3.590611144498149,0.4460093896713615,0.0027472527472527475,0.10254397617034978
MA0762.2,ETV2,9,3857,-24,319.0,122.580860795447,2.589397726640447,-48.64050303442653,-2.774771101252933,0.4482758620689655,0.0027472527472527475,0.10254397617034978
MA0656.2,JDP2,10,2263,-2,222.0,68.14665623832605,3.225029410408386,-48.4624287301615,-3.2554448685158333,0.5,0.0027472527472527475,0.10254397617034978
MA1129.1,FOSL1::JUN,10,2123,-1,205.0,59.99361896166177,3.3774024808969547,-47.82853179312625,-3.8873270509347937,0.5024390243902439,0.0027472527472527475,0.10254397617034978
MA1951.2,FOS,13,2372,-3,219.0,68.03922142603905,3.1865944524835577,-47.03070963167639,-2.8321833653603425,0.4977168949771689,0.0027472527472527475,0.10254397617034978
MA0605.3,ATF3,10,2225,-1,224.0,70.9591688817591,3.1267731895251942,-46.775091573364534,-3.99099959080984,0.5,0.0029434850863422294,0.10254397617034978
MA2681.1,KLF8,11,19216,-3,1277.0,830.6613322550181,1.5366832031672695,-46.156390412897984,-5.974985687846083,0.4745497259201253,0.0033359497645211933,0.10254397617034978
MA1957.1,HOXB2::ELK1,14,3184,-33,264.0,93.94960155124664,2.7909543133466754,-46.02761657038582,-3.0883782879445865,0.35984848484848486,0.0033359497645211933,0.10254397617034978
MA0516.3,SP2,9,19994,-2,1291.0,848.3594882721934,1.5211462494264314,-44.664330884202975,-5.13285322062772,0.4678543764523625,0.003532182103610675,0.10254397617034978
MA1708.2,ETV7,9,5005,-24,372.0,161.92752893829655,2.289361426093079,-44.57921932317259,-3.176193494562014,0.46236559139784944,0.003532182103610675,0.10254397617034978
MA1145.2,FOSL2::JUND,10,2168,-2,209.0,65.36900958519522,3.1641273737923044,-44.51749334488314,-3.390645494147883,0.5119617224880383,0.003532182103610675,0.10254397617034978
MA1136.1,FOSB::JUNB,10,2242,1,205.0,64.40593315878294,3.1495613631855597,-43.413259863348976,-3.827274491336686,0.4975609756097561,0.003532182103610675,0.10254397617034978
MA2329.1,ZBTB11,9,7770,-23,536.0,275.2794575773416,1.943684140358761,-43.336560641703905,-4.316522496606187,0.5261194029850746,0.003532182103610675,0.10254397617034978
MA1131.2,FOSL2::JUN,10,2134,-1,206.0,65.04818092476125,3.1340757171768883,-43.30841145514955,-2.968006831246988,0.5194174757281553,0.003532182103610675,0.10254397617034978
MA1475.2,CREB3L4,9,3911,-1,323.0,134.91390410298024,2.383862064285265,-42.19993351681381,-3.6020223956743727,0.5139318885448917,0.003728414442700157,0.10254397617034978
MA1133.2,JUN::JUNB,11,2188,-3,199.0,63.282226714900986,3.1112799014729657,-41.45916433745822,-2.9566603980983897,0.542713567839196,0.003728414442700157,0.10254397617034978
MA0748.3,YY2,7,6295,10,435.0,209.806057454862,2.0682517630849233,-41.3857563153933,-6.1314996648370315,0.6091954022988506,0.003728414442700157,0.10254397617034978
MA0840.2,Creb5,10,2100,-2,201.0,64.63092089497292,3.077817547665592,-41.20343351047213,-3.1308573644950646,0.47761194029850745,0.003728414442700157,0.10254397617034978
MA2340.1,Zbtb2,10,9226,-3,554.0,296.5097861956324,1.8654848537824256,-40.008281982991825,-3.7043029206607923,0.44765342960288806,0.003924646781789639,0.10254397617034978
MA1517.2,KLF6,9,11012,-1,747.0,439.9601062254839,1.696298575403354,-39.846694424647396,-3.987846042311426,0.5555555555555556,0.003924646781789639,0.10254397617034978
MA1127.1,FOSB::JUN,11,2271,-1,208.0,70.16016652111384,2.93703640980081,-39.68843247439857,-3.390128815370433,0.4951923076923077,0.003924646781789639,0.10254397617034978
MA1126.2,FOS::JUN,10,1964,-1,185.0,58.72125115034534,3.1144692453236464,-38.726077980838085,-3.854961525470575,0.4972972972972973,0.003924646781789639,0.10254397617034978
MA0759.3,ELK3,9,14891,-25,878.0,547.0670748674216,1.6038182921545352,-38.1154751376048,-5.982692896515834,0.4977220956719818,0.0043171114599686025,0.10950231741048068
MA1721.2,ZNF93,14,37357,11,2095.0,1558.3840813837753,1.3441204287144186,-37.64861433475325,-5.087512285531632,0.5813842482100239,0.004513343799058085,0.10950231741048068
MA1516.2,KLF3,10,10898,-2,683.0,400.30475805898766,1.7044402944743033,-37.13886575887205,-10.96719981631747,0.5490483162518301,0.004513343799058085,0.10950231741048068
MA1139.2,FOSL2::JUNB,10,2073,-1,218.0,80.35174787128194,2.69201345675462,-36.085265944773425,-5.62671658201984,0.5,0.005298273155416013,0.1255567522178818
MA0632.3,TCFL5,8,22939,-28,1369.0,953.8731197178637,1.4347455925922323,-35.977822842378856,-6.977395155603572,0.5105916727538349,0.005494505494505495,0.12724775224775225
MA1143.2,FOSL1::JUND,9,2145,0,187.0,64.42108533608928,2.8736912424210512,-34.66439758221191,-3.7676770934633472,0.5187165775401069,0.00608320251177394,0.12797488226059656
MA1564.2,SP9,10,18987,-3,1232.0,849.1162379762238,1.4503898936635589,-34.299917651785464,-3.1445191215683366,0.5357142857142857,0.006279434850863423,0.12797488226059656
MA1140.3,JUNB,11,2686,-2,228.0,89.56791554021956,2.5284892407433763,-33.76160286197615,-2.702320887665892,0.5,0.006279434850863423,0.12797488226059656
MA0599.1,KLF5,10,14007,-2,1010.0,671.095536774171,1.5042504297119046,-33.557592039909025,-4.636117621485174,0.5376237623762377,0.006279434850863423,0.12797488226059656
MA0506.3,Nrf1,12,29117,-29,1655.0,1208.2807161620772,1.369409085804069,-33.55751742662182,-8.878778631187767,0.5015105740181269,0.006279434850863423,0.12797488226059656
MA1931.1,ELK1::HOXA1,14,3361,-37,240.0,97.96259694839816,2.43526349784115,-33.07377565258331,-3.2564610795868365,0.4041666666666667,0.006279434850863423,0.12797488226059656
MA0834.2,ATF7,10,2405,1,218.0,85.01140250842107,2.5461740375476203,-32.75716624529231,-3.606085402542327,0.4954128440366973,0.006475667189952904,0.12938636993258842
MA1932.2,ELK1::HOXB13,15,3285,-34,256.0,110.17424341691867,2.3116865210965702,-31.766762601432887,-3.5475240124276044,0.41796875,0.006868131868131868,0.1345889687235841
MA0609.3,CREM,10,2996,1,250.0,107.26099614436598,2.318471184814258,-31.240833104881858,-4.525182232287751,0.5,0.007260596546310832,0.13568765418255216
MA0747.2,SP8,11,11068,-3,716.0,448.0100623172133,1.596846173780086,-30.81159174871993,-3.0744638488549416,0.5516759776536313,0.007260596546310832,0.13568765418255216
MA0493.3,KLF1,8,13993,-1,910.0,603.0942995747037,1.508042702341944,-30.69900440511014,-9.116410248338566,0.4582417582417582,0.007456828885400314,0.13568765418255216
MA0492.2,JUND,11,1668,-2,158.0,53.435372636525855,2.920894857497711,-30.30047510320875,-3.9948737226698086,0.5379746835443038,0.007456828885400314,0.13568765418255216
MA1933.2,ELK1::SREBF2,15,6567,-32,396.0,208.75700431066622,1.8926662368423823,-30.166110400556732,-3.400892613260209,0.4898989898989899,0.007849293563579277,0.1364811492362513
MA0741.1,KLF16,11,15093,-4,998.0,678.9132456545177,1.4693051008857958,-29.81032051683096,-3.031258209125281,0.5360721442885772,0.008241758241758242,0.1364811492362513
MA0062.4,GABPA,10,3299,-1,242.0,104.76928824981339,2.297453296897162,-29.73530111515524,-3.0782288759231204,0.5495867768595041,0.008241758241758242,0.1364811492362513
MA0598.4,EHF,9,3368,-1,251.0,112.0910670838503,2.2282927069134204,-28.892996665762933,-3.374087571002163,0.5418326693227091,0.008437990580847723,0.1364811492362513
MA0616.3,HES2,9,12235,-3,641.0,397.07337310436503,1.612768005539731,-28.769665233968496,-5.1922210946108285,0.5054602184087363,0.008437990580847723,0.1364811492362513
MA0831.3,TFE3,10,2669,-1,212.0,88.53328694045673,2.3790034665169126,-28.105803576056108,-3.974786898258434,0.49528301886792453,0.008437990580847723,0.1364811492362513
MA0636.1,BHLHE41,10,4301,-1,285.0,137.32280106025547,2.067627302279789,-27.58251965913562,-5.081256621291108,0.5087719298245614,0.008437990580847723,0.1364811492362513
MA2538.1,CGGBP1,12,56968,10,3045.0,2481.973331948472,1.2267550202038224,-27.25790943636648,-8.74794663628863,0.43973727422003284,0.00902668759811617,0.14151068711508272
MA0474.4,Erg,10,3404,-31,232.0,103.06506024138798,2.2389839534954015,-27.085125475534138,-4.1322056282997455,0.4698275862068966,0.00902668759811617,0.14151068711508272
MA1632.2,ATF2,10,1493,-1,135.0,45.2424242428324,2.941022280445863,-26.40478890301805,-3.685541166813923,0.4962962962962963,0.009615384615384616,0.14408936651583712
MA0060.4,NFYA,8,3275,18,205.0,86.96122020591213,2.341941136307181,-26.402259879171908,-3.084496828393869,0.48292682926829267,0.009615384615384616,0.14408936651583712
MA0093.4,USF1,10,2272,-3,180.0,71.77993645046138,2.4869491349885973,-26.177683558312594,-4.690636831161303,0.49444444444444446,0.009615384615384616,0.14408936651583712
MA0615.2,Gmeb1,6,8612,-32,436.0,249.55742887359506,1.744111128393101,-26.03181335759349,-3.0778475225139363,0.5,0.01020408163265306,0.1485422740524781
MA0526.5,USF2,10,3299,-1,243.0,113.02783725910946,2.139828360030632,-25.6551987954102,-4.801158495780964,0.49382716049382713,0.01020408163265306,0.1485422740524781
MA1137.2,FOSL1::JUNB,9,1406,-7,111.0,34.417865579559795,3.1622458939094558,-24.451998596379106,-3.8561033566696574,0.4864864864864865,0.01098901098901099,0.15552503052503053
MA1515.2,KLF2,8,14750,0,925.0,646.2561876224812,1.4306545348008306,-24.364633931073044,-5.621946577947446,0.5578378378378378,0.01098901098901099,0.15552503052503053
MA0685.2,SP4,9,14382,-3,941.0,661.0906960082139,1.4227658018446367,-24.082055056763856,-7.323853057660402,0.4675876726886291,0.011381475667189953,0.1588729274639255
MA1512.2,KLF11,10,13928,-4,928.0,652.7428761667287,1.4210479897651236,-23.61991041974259,-4.67069082157047,0.5226293103448276,0.011970172684458399,0.1619935218488564
MA2552.1,ZNF367,9,859,-36,86.0,22.9066666672562,3.63915225869442,-23.24372921336822,-4.703218492143058,0.5,0.012362637362637362,0.1619935218488564
MA0844.2,XBP1,11,4871,-24,258.0,128.4052722354827,2.0014640479924948,-23.210475245250322,-2.972398232221758,0.5232558139534884,0.012362637362637362,0.1619935218488564
MA1134.2,FOS::JUNB,9,1490,-7,115.0,38.060548723695916,2.9697483468692054,-23.069161963979074,-2.5292852266557184,0.4956521739130435,0.012558869701726845,0.1619935218488564
MA0664.2,MLXIPL,8,3187,-1,218.0,101.72353377101763,2.131936002982294,-22.966115958020143,-3.452692664511356,0.5458715596330275,0.012558869701726845,0.1619935218488564
MA0604.1,Atf1,8,4831,-23,291.0,152.33498303219403,1.9043273376088745,-22.889297160979464,-3.90275819409336,0.4536082474226804,0.012558869701726845,0.1619935218488564
MA1651.2,ZFP42,13,2188,4,192.0,85.08504584227796,2.241968951885185,-22.71925250980775,-3.0798948967251363,0.7552083333333334,0.012755102040816327,0.16246811224489796
MA0620.4,MITF,10,2438,-1,198.0,90.23983993974245,2.1810647643773335,-22.057879217044555,-2.251280792124538,0.5,0.013343799058084773,0.16786828691590597
MA1995.2,Npas4,7,3377,0,220.0,105.76447559529426,2.0699769166453037,-21.65563838196699,-6.0343008785103684,0.4863636363636364,0.013540031397174255,0.1682596584600069
MA0058.4,MAX,6,4223,-1,245.0,123.4260662484206,1.977077692939783,-21.445136056018598,-5.973861259846765,0.5224489795918368,0.0141287284144427,0.16953194321206744
MA1942.2,ETV2::FOXI1,11,2330,-6,168.0,72.22069155563523,2.3080907378700304,-21.27162179256721,-2.684382037932177,0.4880952380952381,0.014521193092621664,0.16953194321206744
MA0608.1,Creb3l2,9,4790,-3,276.0,145.98281857266468,1.884574011370302,-21.174294110344153,-3.4118613520520498,0.4891304347826087,0.014521193092621664,0.16953194321206744
MA0018.5,CREB1,8,1518,-1,135.0,52.43411513855368,2.5451904583308718,-20.843500989982438,-3.3401207820523706,0.4962962962962963,0.014717425431711145,0.16953194321206744
MA2546.1,ZNF131,13,116074,-29,5887.0,5190.02999388925,1.1342642995573529,-20.832829259458133,-4.61386245763,0.5067096993375234,0.014717425431711145,0.16953194321206744
MA1135.2,FOSB::JUNB,9,1495,-4,112.0,39.098417068945466,2.8180663542330637,-20.770474401208517,-4.95120101615742,0.45535714285714285,0.014913657770800628,0.16953194321206744
MA1130.2,FOSL2::JUN,9,1521,-7,120.0,43.933586338263,2.6928631756455856,-20.575117953524998,-4.175374935470766,0.5083333333333333,0.01510989010989011,0.16953194321206744
MA0108.3,TBP,7,751,-22,134.0,52.52741020606495,2.5220723266881264,-20.36737571293566,-12.703846330474091,0.16417910447761194,0.015306122448979591,0.16953194321206744
MA0464.3,BHLHE40,8,6158,-2,358.0,209.2742127267946,1.707294467279457,-20.181734629146348,-5.050430104542075,0.5139664804469274,0.015306122448979591,0.16953194321206744
MA2571.1,ZNF800,6,12459,-6,639.0,431.90697709573175,1.4783776512303066,-20.07815179293122,-8.654899354530635,0.458528951486698,0.015306122448979591,0.16953194321206744
MA0603.2,Arntl,8,4475,0,284.0,155.89816352893462,1.8164648558645575,-19.62576031903614,-4.637260155102742,0.5070422535211268,0.016287284144427,0.17845959723839908
MA0663.1,MLX,10,2658,-1,182.0,84.54627175313784,2.139193167039305,-19.539983068190672,-3.1522055815145023,0.4725274725274725,0.016679748822605967,0.1808155750025051
MA0488.2,JUN,10,1722,1,140.0,57.71744595281118,2.4013306047629515,-19.385248503206284,-3.345750912024312,0.4714285714285714,0.017660910518053376,0.18759204712812957
MA1952.2,FOXJ2::ELF1,11,2026,-5,144.0,60.66084476967891,2.3515733613708494,-19.116327204851185,-2.8370505385778073,0.4930555555555556,0.017857142857142856,0.18759204712812957
MA0472.2,EGR2,11,18099,11,944.0,692.9070611761391,1.361853845957801,-19.044204983942052,-4.367319604926456,0.4713983050847458,0.017857142857142856,0.18759204712812957
MA0490.3,JUNB,9,1257,-7,99.0,34.51716247191408,2.8155402357684696,-18.512434145972403,-3.912921390188185,0.48484848484848486,0.018838304552590265,0.19587992182744368
MA1128.2,FOSL1::JUN,9,1430,-7,111.0,41.68399554439813,2.6239343007029934,-18.331923133711207,-3.8407612381674285,0.4864864864864865,0.019623233908948195,0.2019405629730948
MA1959.2,KLF7,8,18361,-1,1158.0,882.650126259508,1.3116050861736968,-18.28044831273957,-7.992873323058482,0.44991364421416236,0.020015698587127158,0.2019405629730948
MA1644.2,NFYC,7,2925,19,192.0,94.09140568118319,2.029626112028241,-18.203653832989193,-3.223905265164889,0.4791666666666667,0.020015698587127158,0.2019405629730948
MA0742.2,KLF12,9,19581,-5,1097.0,831.6351275204169,1.3187048728893271,-18.00169263139656,-3.2543131012828335,0.49042844120328166,0.02040816326530612,0.20388155262104837
MA1928.2,BNC2,7,1767,-6,118.0,47.6562739104168,2.4457277640925836,-17.128728318735806,-3.0564700271379355,0.5,0.021781789638932497,0.20691591017677977
MA0864.3,E2F2,13,9870,-31,492.0,326.6470340767833,1.5046679772003264,-16.984826691013055,-2.9505780932825822,0.5,0.021781789638932497,0.20691591017677977
MA1935.2,ERF::FOXI1,10,2277,-4,159.0,74.51203079899452,2.1188676599879033,-16.875272342635977,-2.42515156480717,0.49056603773584906,0.02217425431711146,0.20691591017677977
MA1141.2,FOS::JUND,9,1439,-4,111.0,43.87017968939631,2.496089847985783,-16.803677616933108,-4.097401346736955,0.5225225225225225,0.022370486656200943,0.20691591017677977
MA0871.3,TFEC,8,2674,1,174.0,84.8368736384724,2.0387508605807887,-16.79246377803367,-3.574454852812934,0.5057471264367817,0.022370486656200943,0.20691591017677977
MA0491.3,JUND,9,1312,-7,103.0,39.25294650989531,2.5836617941604314,-16.66991883293734,-3.2898639860213734,0.5145631067961165,0.022762951334379906,0.20691591017677977
MA2332.1,ZNF175,9,2675,-5,184.0,92.14019306711774,1.9862531299101687,-16.608210349854428,-2.512643351093654,0.5108695652173914,0.022762951334379906,0.20691591017677977
MA0638.2,CREB3,12,3646,-2,233.0,127.16092440529168,1.8258295271030234,-16.559165204258406,-4.359093127942781,0.4892703862660944,0.022762951334379906,0.20691591017677977
MA0640.3,ELF3,9,2894,-31,186.0,93.84238833903953,1.9716922282842393,-16.473326788433354,-2.6628162534552096,0.478494623655914,0.022762951334379906,0.20691591017677977
MA0823.1,HEY1,10,11403,-31,600.0,417.8230528446061,1.4349735429271755,-16.452715018003637,-3.6107040545312317,0.5166666666666667,0.022762951334379906,0.20691591017677977
MA0877.4,BARHL1,6,2137,-34,128.0,55.31169116089637,2.2908209173014398,-16.285785614622764,-3.5747162693980865,0.4296875,0.02315541601255887,0.20691591017677977
MA0473.4,ELF1,9,3223,-2,224.0,121.51959330615826,1.8364409636731198,-16.227719820421754,-4.1987369761725715,0.45535714285714285,0.02315541601255887,0.20691591017677977
MA0502.3,NFYB,9,3285,29,222.0,120.121889283739,1.8411205548288825,-16.208142287848705,-3.155521406616917,0.5675675675675675,0.023351648351648352,0.20691591017677977
MA0687.2,SPIC,13,1601,-30,109.0,44.085887559959566,2.4397878350229076,-15.856407460221824,-2.717239755342484,0.44036697247706424,0.02433281004709576,0.21375115032750502
MA0828.3,SREBF2,10,2295,-1,160.0,77.66741472175485,2.046590708102636,-15.682008398938706,-2.824702853198419,0.49375,0.024725274725274724,0.21534234995773457
MA0761.3,ETV1,9,3035,-18,186.0,96.0443037977199,1.926954933797914,-15.545940486291128,-4.0898648626781,0.45161290322580644,0.025510204081632654,0.21635097923154128
MA1132.2,JUN::JUNB,8,1704,-7,131.0,58.75862068962368,2.2088863242942973,-15.44434365982522,-5.6684632582264625,0.46564885496183206,0.025706436420722133,0.21635097923154128
MA0768.3,Lef1,8,1244,-21,96.0,36.811140122205025,2.565381516835977,-15.443584396834977,-4.068932651348351,0.7604166666666666,0.025706436420722133,0.21635097923154128
MA0081.3,SPIB,13,2982,-2,184.0,94.968152866484,1.9277228379854496,-15.407515798285102,-2.855225395336496,0.5978260869565217,0.025902668759811617,0.21635097923154128
MA0095.4,Yy1,8,1106,4,75.0,24.812114414617703,2.944353909920696,-15.400231101651938,-2.8477304977768005,0.7466666666666667,0.025902668759811617,0.21635097923154128
MA0600.3,RFX2,14,1641,-4,110.0,45.70591625111264,2.3765725824371495,-15.225165842285026,-2.665794854502872,0.5,0.026491365777080063,0.21870707417582416
MA0476.2,FOS,8,1367,-3,97.0,37.98236708590466,2.5139571382117296,-15.047969424309237,-3.6133589783620357,0.5567010309278351,0.02708006279434851,0.21870707417582416
MA0489.3,Jun,8,1536,-7,105.0,42.956452257845335,2.4114776001077556,-14.997907934187998,-4.9910049083985975,0.47619047619047616,0.02708006279434851,0.21870707417582416
MA2683.1,NPAS3,6,7047,-23,355.0,225.41551201569536,1.5723304327987992,-14.986225573372058,-5.92587766170747,0.4788732394366197,0.02708006279434851,0.21870707417582416
MA1474.2,CREB3L4,10,5321,-1,310.0,190.39313729977547,1.6249276457226705,-14.922462841921032,-4.693688551671086,0.5290322580645161,0.027276295133437992,0.21870707417582416
MA1144.2,FOSL2::JUND,9,1485,-7,110.0,46.415547986635275,2.3410042636496975,-14.792689340461877,-3.561752542361394,0.4727272727272727,0.027472527472527472,0.21870707417582416
MA0884.2,DUXA,13,559,54,56.0,15.589641434749968,3.4358789624351567,-14.685804510345196,-3.532333198470762,0.5,0.02806122448979592,0.2199568288854003
MA1992.2,Ikzf3,9,3488,-1,241.0,138.55996299262287,1.7340216693292767,-14.666472560745047,-3.915626526929289,0.45228215767634855,0.02806122448979592,0.2199568288854003
MA1974.2,ZNF211,10,428,-21,45.0,10.686121919964439,3.936293007641322,-14.307839581767155,-3.3456658583335557,0.6666666666666666,0.029827315541601257,0.22348554806538
MA0477.3,FOSL1,9,1399,-7,108.0,45.969652574417516,2.3206473547425794,-14.303720873907933,-3.7396404249552115,0.48148148148148145,0.029827315541601257,0.22348554806538
MA0099.4,FOS::JUN,9,1546,-1,97.0,39.12062404947427,2.4426339899188125,-14.290258729684542,-6.980882730114793,0.4845360824742268,0.029827315541601257,0.22348554806538
MA0829.3,SREBF1,10,1326,-35,90.0,34.95606326934502,2.530866611239492,-14.227394019327072,-3.0355314919370953,0.5,0.029827315541601257,0.22348554806538
MA0462.3,BATF::JUN,7,1636,-6,118.0,52.58217101291709,2.2208879884936463,-14.196790720995065,-2.7487313691125053,0.4661016949152542,0.029827315541601257,0.22348554806538
MA2503.1,Banp,10,13057,11,678.0,496.3150610665564,1.3653316642850044,-14.194528644279755,-4.346114235359559,0.5,0.029827315541601257,0.22348554806538
MA0080.7,Spi1,13,2808,-8,181.0,96.04371584703699,1.8754434371296484,-14.122080211137336,-3.2114486035630083,0.44751381215469616,0.03021978021978022,0.22477340178070104
MA1464.2,ARNT2,8,5312,-1,314.0,197.12455022306162,1.5899089721357214,-13.953434190945961,-3.4333295469487473,0.535031847133758,0.031004709576138146,0.22528911564625853
MA2486.1,Fosb,7,1636,-6,118.0,53.09592971144877,2.199795818923046,-13.918336198055378,-2.7547948229414105,0.4661016949152542,0.03120094191522763,0.22528911564625853
MA0500.3,MYOG,8,4489,20,259.0,154.82256652326035,1.668564482033407,-13.850170075236706,-4.155533399780078,0.49034749034749037,0.03159340659340659,0.22528911564625853
MA0498.3,MEIS1,5,7133,-4,351.0,227.31178182953096,1.5417513593881058,-13.736435173780565,-5.324188756149912,0.4415954415954416,0.03198587127158556,0.22528911564625853
MA1101.3,BACH2,11,1634,-5,119.0,54.09677419364063,2.1779859484741055,-13.734802046253371,-5.0574820863690935,0.48739495798319327,0.03198587127158556,0.22528911564625853
MA0611.3,Dux,11,625,54,59.0,18.072840410325355,3.1458345327273927,-13.672023049223215,-3.1515004438315644,0.559322033898305,0.03218210361067504,0.22528911564625853
MA0039.5,KLF4,8,14092,-1,908.0,698.9381281064166,1.298686217393487,-13.644183775333401,-7.514952508514251,0.5451541850220264,0.03237833594976452,0.22528911564625853
MA0633.3,Twist2,6,6834,-48,320.0,203.81436909772125,1.5672728501135784,-13.452136380552266,-4.979344852048733,0.5,0.032574568288854,0.22528911564625853
MA0083.3,SRF,16,1009,-41,88.0,34.949706457950946,2.475680854420885,-13.409087339234926,-3.997854009558355,0.5568181818181818,0.032574568288854,0.22528911564625853
MA0079.5,SP1,9,23621,-1,1388.0,1127.6904461468853,1.2306297131704778,-13.39632972026446,-2.9481673916978703,0.4589337175792507,0.032574568288854,0.22528911564625853
MA1138.2,FOSL2::JUNB,9,1401,-4,106.0,46.60920285167425,2.2474646410980013,-13.19730144476785,-3.771268644370084,0.44339622641509435,0.032770800627943485,0.22528911564625853
MA1560.2,SOHLH2,8,5838,-29,318.0,203.27714779930875,1.5616039456033537,-13.190216461265738,-5.3741441509081325,0.5283018867924528,0.03296703296703297,0.22528911564625853
MA1988.2,Atf3,7,1636,-3,114.0,52.0598992082152,2.1673618253348415,-13.074078756568348,-3.4780342920423712,0.45614035087719296,0.03316326530612245,0.22528911564625853
MA0509.3,RFX1,16,1946,-7,126.0,60.6351496549776,2.0605125599746734,-12.806225804748095,-3.67715043051413,0.46825396825396826,0.03394819466248038,0.22909410835144042
MA0660.1,MEF2B,12,513,-39,54.0,16.433147632488772,3.1549093232882894,-12.698431902879848,-2.889225991803799,0.5925925925925926,0.03453689167974882,0.23153350408989506
MA1142.2,FOSL1::JUND,8,1512,-7,106.0,47.74397269066162,2.1951431960427605,-12.574719672023003,-2.679844039566213,0.49056603773584906,0.03512558869701727,0.2324543759811617
MA1954.2,FOXO1::ELK1,13,1829,-6,121.0,57.86126832123437,2.0726702546432922,-12.511579713716474,-2.8045268560603347,0.5206611570247934,0.03571428571428571,0.2324543759811617
MA2325.1,EPAS1,9,7898,-25,386.0,261.3150214593319,1.4753253467796494,-12.45592202456935,-5.8676256604096535,0.5466321243523317,0.035910518053375196,0.2324543759811617
MA0878.3,CDX1,10,600,-19,55.0,17.34992679390599,3.0517832920509305,-12.31772819510912,-2.4586742037303604,0.21818181818181817,0.03610675039246468,0.2324543759811617
MA1633.2,BACH1,9,1355,-7,94.0,40.56580681636316,2.2855324430416557,-12.247386285567632,-3.1434069474872506,0.48936170212765956,0.036499215070643645,0.2324543759811617
MA1569.2,TFAP2E,9,20063,204,764.0,583.6424066662939,1.308492150547423,-12.239991086559217,-11.799151737416308,0.5,0.036499215070643645,0.2324543759811617
MA0521.3,Tcf12,6,6834,21,348.0,231.44244711490927,1.5014469359267666,-12.225103536697613,-6.433359200467865,0.5,0.036499215070643645,0.2324543759811617
MA1122.2,TFDP1,8,15592,-28,708.0,535.3435487814627,1.321913914338676,-12.186685437590443,-3.0897887884692725,0.4985875706214689,0.036499215070643645,0.2324543759811617
MA1513.2,KLF15,8,46148,-6,1939.0,1645.1752781562022,1.178489329625273,-12.002807972929388,-5.112821244376472,0.518308406395049,0.03708791208791209,0.23473653675517028
MA1100.3,ASCL1,8,4472,20,246.0,151.80681522588398,1.6164200506036108,-11.849661712127359,-4.429576983244839,0.5040650406504065,0.03826530612244898,0.23995290423861854
MA0865.3,E2F8,9,13413,8,664.0,499.6999999997432,1.3281406031562633,-11.833366778212438,-4.457480295841321,0.46686746987951805,0.038461538461538464,0.23995290423861854
MA0635.2,BARHL2,6,2137,-34,128.0,64.2199900385896,1.9779211852634877,-11.798743565192717,-2.449787565548651,0.5703125,0.03865777080062795,0.23995290423861854
MA0816.1,Ascl2,10,3761,19,231.0,140.4776648269957,1.6398348126801392,-11.765011037731231,-4.823449254817012,0.48917748917748916,0.03885400313971742,0.23995290423861854
MA2674.1,HIF3A,6,6318,-27,343.0,231.2627981860734,1.4810809250838795,-11.378138600478833,-6.172051633877481,0.478134110787172,0.040620094191522765,0.24878837939469167
MA1650.2,ZBTB14,8,21860,-6,917.0,726.489046615334,1.2618746691390397,-11.213888981991358,-4.865179740966817,0.5485278080697928,0.041993720565149134,0.24878837939469167
MA0657.2,KLF13,17,5367,-5,325.0,217.51226675063916,1.4919070899210578,-11.180919484714385,-3.4928476533006925,0.5538461538461539,0.041993720565149134,0.24878837939469167
MA1712.2,ZNF454,17,21401,175,826.0,646.3405139696692,1.2775347474061365,-11.162648269202759,-4.311428805962229,0.48184019370460046,0.041993720565149134,0.24878837939469167
MA1635.2,BHLHE22,6,6834,3,320.0,213.5953540845426,1.4958385346662162,-11.149027535758172,-10.848000976982009,0.5,0.041993720565149134,0.24878837939469167
MA0077.2,SOX9,8,810,-2,61.0,22.12833545142236,2.680694429143931,-11.084149179573732,-2.9648363555792425,0.5245901639344263,0.041993720565149134,0.24878837939469167
MA1641.2,MYF5,8,3766,20,212.0,128.35470839260608,1.6466350753427625,-11.03929568571225,-5.313954007443731,0.4811320754716981,0.041993720565149134,0.24878837939469167
MA1939.2,ERF::SREBF2,16,2514,-25,128.0,66.12295341779813,1.9218463049004446,-10.989323626065781,-3.2534506666972316,0.4609375,0.042582417582417584,0.24909396725723257
MA1634.2,BATF,7,1636,-6,118.0,59.170721205374335,1.9777060606242352,-10.96430859002517,-4.083722212197494,0.4661016949152542,0.04277864992150707,0.24909396725723257
MA0143.5,SOX2,7,1043,-2,71.0,28.31029095920851,2.4564751028982714,-10.922050095830874,-3.7486551889212967,0.43661971830985913,0.04277864992150707,0.24909396725723257
MA2540.1,SP140L,6,7627,2,375.0,260.0286183555425,1.4404550825452287,-10.878214837286448,-4.7676865169043054,0.5493333333333333,0.043759811616954476,0.2533593638504353
MA0862.1,GMEB2,8,3093,-32,183.0,107.13704819268426,1.7015445037129102,-10.758467612695222,-4.1732735715935485,0.44808743169398907,0.04532967032967033,0.26096572918606814
MA0524.3,TFAP2C,11,12798,205,514.0,378.3664377707222,1.35752651981104,-10.667560255067233,-5.129537350310168,0.4883268482490272,0.046114599686028254,0.2639931296632741
MA0811.2,TFAP2B,11,12556,209,495.0,364.26215782588446,1.3579287899745598,-10.327902347526955,-8.4193808749324,0.49696969696969695,0.047880690737833596,0.2725722003455443
MA1949.2,FLI1::DRGX,14,1993,-33,137.0,74.72415640037212,1.8224039270950774,-10.153701098151595,-3.2591522837694202,0.3722627737226277,0.04846938775510204,0.27439058956916096
MA0522.4,TCF3,7,9570,20,442.0,320.57932461394245,1.377576125367586,-10.090485014010408,-4.544016639662735,0.45248868778280543,0.04945054945054945,0.27567404855893063
MA0136.4,Elf5,8,2250,-1,130.0,69.93201054558207,1.8468389517285324,-10.046523051788938,-4.698672271926526,0.5538461538461539,0.04945054945054945,0.27567404855893063
MA0692.2,TFEB,8,2560,1,162.0,93.77367979874786,1.7198867907854891,-9.970749653583795,-4.792185497554623,0.5185185185185185,0.05062794348508634,0.27567404855893063
MA0259.2,ARNT::HIF1A,5,5266,-20,269.0,177.5684375929014,1.5120253256375764,-9.969887175619258,-7.487364459664304,0.4944237918215613,0.05062794348508634,0.27567404855893063
MA0470.3,E2F4,13,10363,-32,538.0,404.1127136749517,1.3304939139295313,-9.885738834959538,-4.449455297704903,0.5111524163568774,0.050824175824175824,0.27567404855893063
MA1522.2,MAZ,8,18761,-2,1002.0,815.9593198963768,1.2277233095611426,-9.759122065655458,-2.6915126420287243,0.5339321357285429,0.05259026687598116,0.27567404855893063
MA0810.2,TFAP2A,11,16250,204,609.0,466.90478156760133,1.303684048614214,-9.729595208956159,-6.842061321043792,0.48932676518883417,0.052982731554160126,0.27567404855893063
MA0153.2,HNF1B,13,617,9,34.0,9.063656149923647,3.4778612741320205,-9.729395080434667,-3.599641915011329,0.47058823529411764,0.052982731554160126,0.27567404855893063
MA0750.4,ZBTB7A,8,7212,183,310.0,212.18850816085174,1.4588028345568655,-9.712340290039622,-11.989189792520467,0.5258064516129032,0.05317896389324961,0.27567404855893063
MA1589.3,ZNF140,12,2540,-29,140.0,78.21179344057893,1.7800379700501512,-9.691084864678388,-2.8259902692104615,0.5571428571428572,0.05317896389324961,0.27567404855893063
MA0046.3,HNF1A,13,563,9,30.0,7.229070366485888,3.767132691713526,-9.676620200773817,-4.451407041926352,0.5,0.05317896389324961,0.27567404855893063
MA1466.2,ATF6,13,3444,-4,204.0,127.11614173213096,1.6001106279692696,-9.65644534643466,-3.367990183352244,0.4950980392156863,0.05317896389324961,0.27567404855893063
MA0907.2,HOXC13,9,795,-38,61.0,24.149453220199984,2.4652623441610944,-9.624477113848368,-3.8461731347199795,0.5901639344262295,0.05337519623233909,0.27567404855893063
MA1655.2,ZNF341,8,3378,21,170.0,100.94489892530615,1.6773767182337365,-9.623637494967564,-4.3844546920388385,0.5588235294117647,0.05337519623233909,0.27567404855893063
MA0006.2,Ahr::Arnt,5,9743,1,437.0,319.2066458444415,1.3678666751119941,-9.613408671192419,-6.683482884550905,0.4645308924485126,0.05337519623233909,0.27567404855893063
MA0510.3,RFX5,14,1989,-23,118.0,62.549197601222005,1.8725649495488157,-9.561588855505828,-2.4986274937764725,0.4915254237288136,0.05337519623233909,0.27567404855893063
MA0105.4,NFKB1,13,2476,206,133.0,73.63453855382426,1.795415401454691,-9.487812535998115,-4.289002069719305,0.48872180451127817,0.05357142857142857,0.27567404855893063
MA1944.2,ETV5::DRGX,12,1603,-35,97.0,47.95161614177314,2.00197680330254,-9.482317075844888,-3.2311007394375797,0.38144329896907214,0.05376766091051805,0.27567404855893063
MA1619.2,Ptf1A,8,3766,20,212.0,134.29001436322446,1.574395575331532,-9.424554365187143,-3.2306299354854517,0.4811320754716981,0.05416012558869702,0.27567404855893063
MA1583.2,ZFP57,7,10674,18,520.0,392.0073551635137,1.3256749349722323,-9.380356901317874,-4.371823209303967,0.4461538461538462,0.05474882260596546,0.27567404855893063
MA1997.2,Olig2,6,6834,21,348.0,245.43846503173802,1.4161750275268652,-9.376542703485107,-6.960961743278694,0.5,0.05474882260596546,0.27567404855893063
MA1943.2,ETV2::HOXB13,13,1551,-20,94.0,46.126394052458295,2.015855486296101,-9.37271563248499,-2.434369821793162,0.3829787234042553,0.054945054945054944,0.27567404855893063
MA0639.2,DBP,10,742,5,45.0,15.157825371666906,2.846917759159719,-9.36062068096522,-3.745161459774114,0.5111111111111111,0.05514128728414443,0.27567404855893063
MA2581.1,ZNF66,8,15021,19,745.0,589.8009905576223,1.2626925342421895,-9.342697987013509,-4.613755012490965,0.5409395973154363,0.05533751962323391,0.27567404855893063
MA1938.2,ERF::NHLH1,16,5852,-3,302.0,207.5521632720524,1.4528739249026257,-9.315374023310518,-3.951335877419779,0.45695364238410596,0.055533751962323394,0.27567404855893063
MA0749.2,ZBED1,12,2015,12,124.0,67.55641521607045,1.8233158721329772,-9.305409073228308,-3.063507591761678,0.4596774193548387,0.05572998430141287,0.27567404855893063
MA0901.3,HOXB13,9,542,-40,44.0,14.812422360701767,2.8458637755488634,-9.178780016076102,-2.825330678725778,0.9090909090909091,0.05749607535321821,0.2816754845429296
MA0478.2,FOSL2,10,1145,-4,77.0,35.14117853406242,2.158203001777775,-9.139113227916873,-3.1868817411901498,0.42857142857142855,0.05749607535321821,0.2816754845429296
MA0527.2,ZBTB33,10,16301,-4,702.0,553.7338216234702,1.2672744523537751,-9.097410608697286,-5.8347090409027125,0.49715099715099714,0.058084772370486655,0.2831980050025163
MA0468.1,DUX4,11,658,54,50.0,18.348746911845694,2.6358296086232214,-9.080343176156095,-3.1280924310869413,0.52,0.058673469387755105,0.2847060252672498
MA0815.1,TFAP2C,13,15255,209,560.0,429.86442933189807,1.3020336834718318,-8.952276028444178,-7.78867849094736,0.4982142857142857,0.05945839874411303,0.28714743279739896
MA1637.2,EBF3,9,5026,154,233.0,153.0537910734335,1.518949961370689,-8.933158163526992,-12.311431583413636,0.45493562231759654,0.059850863422292,0.2876793859779035
MA0835.3,BATF3,7,1337,-3,82.0,38.932178400649455,2.0785242209237973,-8.908587195974539,-2.698477641780652,0.4878048780487805,0.06043956043956044,0.28863113292654335
MA1638.2,HAND2,6,2488,-2,141.0,81.32123830097865,1.7249497569609795,-8.892801924236034,-3.3343080727062597,0.5602836879432624,0.06063579277864992,0.28863113292654335
MA1713.2,ZNF610,10,36451,18,1733.0,1496.7204928258845,1.1577594139266303,-8.868229176860666,-4.744684659804974,0.43508366993652625,0.061224489795918366,0.28863113292654335
MA1950.2,FLI1::FOXI1,11,1666,-30,94.0,47.317394095465026,1.9661656382440649,-8.838927875430942,-3.0875146646824922,0.425531914893617,0.061813186813186816,0.28863113292654335
MA1948.2,ETV5::HOXA2,12,1695,-30,105.0,55.101771855473075,1.88942339063858,-8.827863176654745,-3.388074789889653,0.4095238095238095,0.06200941915227629,0.28863113292654335
MA1993.2,Neurod2,6,6834,-48,320.0,224.99538778828781,1.420382969499857,-8.826959415277424,-4.0726430041966175,0.5,0.06200941915227629,0.28863113292654335
MA0089.3,MAFG::NRF1,11,1396,-10,87.0,42.549803121134694,2.0206750362389965,-8.805954294878555,-5.42104146391716,0.39080459770114945,0.06240188383045526,0.28863113292654335
MA1563.2,SOX18,8,791,-2,49.0,18.178260870367627,2.607118567109237,-8.767141144350271,-2.869010829457695,0.42857142857142855,0.06259811616954473,0.28863113292654335
MA1106.2,HIF1A,6,5104,-23,245.0,163.5103661227836,1.4953464988120928,-8.762349870243018,-6.368898617532576,0.46530612244897956,0.06259811616954473,0.28863113292654335
MA1099.3,HES1,8,14778,-1,763.0,611.3281524628217,1.247697001888848,-8.718189912501666,-8.067911466836847,0.4967234600262123,0.0629905808477237,0.28913244091815515
MA0659.4,Mafg,12,1639,-5,100.0,51.89810626400303,1.9093311109462179,-8.685156711845565,-2.8891516975616884,0.49,0.06338304552590267,0.28962925287396785
MA1529.2,NHLH2,16,5439,19,287.0,198.60650959427522,1.44283871595869,-8.626177491785473,-3.160100720023,0.4912891986062718,0.06397174254317112,0.2910143109441579
MA1548.2,PLAGL2,8,11776,138,494.0,375.00542614749435,1.3164703633979689,-8.58644883724381,-6.751785787144846,0.5101214574898786,0.06456043956043957,0.2923870573870574
MA0821.2,HES5,10,7122,-30,397.0,291.67832953125713,1.3598546931623607,-8.545225313288391,-4.988370807783265,0.4987405541561713,0.065149136577708,0.29245361309552625
MA0773.1,MEF2D,12,455,-21,43.0,15.006342494804718,2.7489103156627666,-8.539795256570395,-2.694408310736633,0.4418604651162791,0.065149136577708,0.29245361309552625
MA0789.1,POU3F4,9,581,0,37.0,11.743844175810654,2.9818318143067506,-8.497602153212037,-4.39696789373398,0.35135135135135137,0.06554160125588697,0.2929249635076703
MA0841.2,NFE2,10,1215,-4,82.0,39.97854077262451,2.0254503560909543,-8.408472790110922,-2.667754284229902,0.524390243902439,0.06691522762951334,0.29607922733305936
MA2560.1,POGK,14,1278,-20,89.0,44.83036649213155,1.963763480168804,-8.402351665326107,-2.984213406232409,0.3595505617977528,0.06691522762951334,0.29607922733305936
MA2692.1,ZNF43,12,543,169,50.0,19.39285714278788,2.500875656751051,-8.318373045060289,-2.3261473340445247,0.5,0.06750392464678179,0.29607922733305936
MA0798.3,RFX3,16,2487,-4,149.0,89.28323842528157,1.6614379658538727,-8.304326726949117,-2.899520651522048,0.5033557046979866,0.06750392464678179,0.29607922733305936
MA0650.4,Hoxa13,8,690,-19,51.0,20.082644628464163,2.4664837318271546,-8.259638402124517,-2.7765025146853715,0.3333333333333333,0.06770015698587127,0.29607922733305936
MA2326.1,IKZF2,6,7301,-12,343.0,247.68191084272254,1.383293215152914,-8.22576986855847,-2.888467475000628,0.4198250728862974,0.06809262166405024,0.2961120945923378
MA0913.3,HOXD9,9,484,-18,45.0,16.578818594896532,2.616785636172085,-8.20665813050277,-3.6677862534762693,0.24444444444444444,0.06828885400313972,0.2961120945923378
MA1937.2,ERF::HOXB13,13,1466,-36,84.0,41.9037180319346,1.981180277586474,-8.15921191118232,-4.715280490810277,0.4523809523809524,0.06887755102040816,0.29739925631269454
MA2594.1,DMTF1,11,4466,-27,218.0,144.99902530846003,1.500010014021031,-8.00633777767825,-5.862017561867488,0.5321100917431193,0.07005494505494506,0.2983021077283372
MA2515.1,ZNF865,12,4657,-8,222.0,148.50430478487033,1.4915958461589887,-7.948939569101134,-4.196135417534782,0.3963963963963964,0.07083987441130299,0.2983021077283372
MA0162.5,EGR1,10,21979,10,1091.0,916.3708103707776,1.190358345453178,-7.941038283813215,-5.197133155726079,0.4821264894592117,0.07083987441130299,0.2983021077283372
MA0024.3,E2F1,12,10812,204,441.0,333.69664940312015,1.3205988192240312,-7.917257411795595,-2.955401914892432,0.4875283446712018,0.07103610675039246,0.2983021077283372
MA1587.1,ZNF135,14,383,219,38.0,12.956101771552945,2.7944766123370233,-7.898432365398255,-3.0669877696625596,0.4473684210526316,0.07142857142857142,0.2983021077283372
MA2588.1,FAM200B,8,27585,-4,1106.0,930.6561034259202,1.1882066740391641,-7.8947464887520855,-9.287600594210716,0.5443037974683544,0.07142857142857142,0.2983021077283372
MA2684.1,SOX30,8,902,-5,61.0,26.967741935703867,2.2168396770298515,-7.891828131368692,-3.339807363067119,0.5573770491803278,0.07142857142857142,0.2983021077283372
MA1120.2,SOX13,7,1090,-2,74.0,35.62931760748526,2.047540191812736,-7.8838964267846094,-4.320625592783396,0.43243243243243246,0.07142857142857142,0.2983021077283372
MA0087.3,Sox5,8,1071,-2,68.0,31.700238379305095,2.1100763609010214,-7.826490428245408,-3.230537500647916,0.4264705882352941,0.07221350078492936,0.300349213468747
MA0785.2,POU2F1,9,574,-1,38.0,13.109627548106811,2.764070126375016,-7.768219975932298,-2.942815060979681,0.3684210526315789,0.07299843014128729,0.3023796760730559
MA0515.1,Sox6,10,1168,-6,76.0,37.43455684884272,2.0034054328460016,-7.679794867355689,-4.086425913258223,0.6578947368421053,0.07437205651491366,0.30682237080444136
MA2122.1,Ebf4,11,4567,155,211.0,140.8227144093395,1.494824019431115,-7.67086021237189,-6.853995245850012,0.47393364928909953,0.07476452119309263,0.307197770547425
MA0825.2,MNT,6,4140,-22,208.0,138.5494880546325,1.4976765799253824,-7.63482598280647,-7.683973091662557,0.5,0.07554945054945054,0.3091762655015667
MA0867.3,SOX4,8,1076,-5,70.0,33.51417270944963,2.057125940630207,-7.594534064075352,-10.097232690575527,0.32857142857142857,0.07594191522762951,0.3095392464678179
MA0514.3,Sox3,7,1090,-2,74.0,36.31060369099542,2.010152411929496,-7.56378818451311,-2.506903806874943,0.43243243243243246,0.07711930926216641,0.3118435561037602
MA0154.5,EBF1,11,5249,227,225.0,152.78562426247188,1.469578194215846,-7.553749274073852,-3.686858229919765,0.49333333333333335,0.07711930926216641,0.3118435561037602
MA2541.1,CREB3L3,12,3675,3,197.0,130.65834345964447,1.5038925357639061,-7.404739845736358,-6.0091233866046805,0.5025380710659898,0.07927786499215071,0.31804781270473065
MA0004.1,Arnt,6,7651,1,402.0,303.4983354938143,1.323488351246461,-7.396366550142742,-5.417537305204856,0.5149253731343284,0.07927786499215071,0.31804781270473065
MA0634.2,ALX3,6,1178,205,78.0,39.589374816569,1.9463221682279124,-7.33939849503259,-3.376404534104564,0.5,0.08084772370486656,0.31902135487195465
MA0048.3,NHLH1,9,4319,19,228.0,156.31194909798296,1.4557063294496821,-7.333117217481912,-6.002593825823946,0.5175438596491229,0.08104395604395605,0.31902135487195465
MA1521.2,MAFA,13,3661,3,196.0,130.35699421958128,1.4997298101286285,-7.289910675521261,-2.746067378211234,0.5204081632653061,0.08163265306122448,0.31902135487195465
MA0794.1,PROX1,12,1833,-30,94.0,51.16670974457778,1.8210847581751948,-7.2827664427590575,-3.418815445242863,0.4787234042553192,0.08163265306122448,0.31902135487195465
MA0100.4,MYB,6,1949,-48,119.0,69.75778258693656,1.695926520203795,-7.282398169429078,-3.7364271390606936,0.7310924369747899,0.08163265306122448,0.31902135487195465
MA0791.2,POU4F3,12,447,3,22.0,5.318550569460755,3.640075322205246,-7.280472995659383,-3.5900324959010663,0.4090909090909091,0.08163265306122448,0.31902135487195465
MA2514.1,ZNF853,8,4021,-36,193.0,128.17621936139233,1.501824414424548,-7.233547513888466,-3.48525099247258,0.5595854922279793,0.08202511773940345,0.31902135487195465
MA2539.1,SLC2A4RG,10,54708,85,2161.0,1923.7492998328448,1.1232631700075222,-7.228114368880994,-14.232148257306925,0.5020823692734845,0.08202511773940345,0.31902135487195465
MA0612.3,EMX1,6,1178,-48,38.0,13.819409883372138,2.6316837382141154,-7.194674348066498,-17.910241488511897,0.5,0.08300627943485087,0.3216098811563233
MA1711.2,ZNF343,16,6032,-9,285.0,204.92126616147647,1.3888803489374841,-7.138819722918316,-2.8971949936602264,0.5473684210526316,0.08496860282574568,0.32796593287664716
MA0036.4,GATA2,7,1187,-38,72.0,35.89905734511305,1.9783703230475127,-7.1229366866221175,-3.9497566136186775,0.3333333333333333,0.08536106750392465,0.3282374633452801
MA1631.2,ASCL1,9,3833,21,200.0,134.78837350829443,1.4802445511855418,-7.030195323373745,-4.564905321733464,0.485,0.08791208791208792,0.3367760059489383
MA0868.3,SOX8,7,687,-1,43.0,17.0683229817631,2.435201099980918,-7.0000411625418275,-2.574628083859876,0.4418604651162791,0.08889324960753532,0.3392592559928034
MA0137.4,STAT1,9,1383,45,76.0,39.00149738019504,1.9249279412755964,-6.990087045353071,-4.0069488798682995,0.5263157894736842,0.08967817896389325,0.34097785210525083
MA0872.1,TFAP2A,13,14107,211,522.0,412.1161185713571,1.2659878820721027,-6.956693418417051,-4.377470929356841,0.5019157088122606,0.09065934065934066,0.3423682274499354
MA0903.2,HOXB3,6,1178,210,76.0,39.172335314227354,1.916741941878839,-6.918154598639106,-3.7800554821092436,0.5,0.09105180533751962,0.3423682274499354
MA0655.1,JDP2,9,1139,-7,77.0,39.90049430469354,1.907067416323355,-6.909551670621855,-3.1898616024492727,0.5324675324675324,0.09105180533751962,0.3423682274499354
MA1467.3,Atoh1,7,1830,-2,109.0,63.5596177814386,1.7038514752735399,-6.848613126359132,-5.579788022496679,0.5504587155963303,0.09242543171114599,0.3439324960753532
MA0662.2,MIXL1,6,1178,210,76.0,39.3419107583047,1.9086850015935088,-6.847367340926888,-16.18119237946818,0.5,0.09242543171114599,0.3439324960753532
MA1946.2,ETV5::FOXI1,12,2077,-18,112.0,65.8792092115719,1.6896132794053427,-6.8336105912834135,-5.233599763102706,0.44642857142857145,0.09262166405023547,0.3439324960753532
MA0043.4,HLF,9,695,5,36.0,13.127227371032372,2.619056027644026,-6.830313422005801,-4.327328714753549,0.3888888888888889,0.09281789638932496,0.3439324960753532
MA1604.2,Ebf2,9,4649,154,222.0,154.2728081039485,1.4361819221477017,-6.746790031436797,-5.1281477857469815,0.45495495495495497,0.09517268445839874,0.3495716770382752
MA0626.2,Npas2,8,2682,0,160.0,103.69224821163981,1.5378406973793484,-6.746470802464734,-4.438413712676719,0.49375,0.09517268445839874,0.3495716770382752
MA0900.3,HOXA2,6,1178,210,76.0,39.58764759310745,1.8971289189244873,-6.7458612886487,-23.264918415177156,0.5,0.09536891679748823,0.3495716770382752
MA0622.2,Mlxip,6,36650,214,1318.0,1141.5389008480124,1.1544464691933158,-6.740079835513344,-5.672458892297325,0.5,0.09576138147566719,0.3497521423788705
MA1636.2,CEBPG,10,736,46,52.0,23.297550234126177,2.181289862117907,-6.677608511231595,-4.3957185027527474,0.5769230769230769,0.09752747252747253,0.3549303375196233
MA0628.2,POU6F1,6,1178,205,78.0,41.25871095858615,1.8694370511542717,-6.647386147695267,-2.291376676592208,0.5,0.0989010989010989,0.3586484689687537
MA0892.2,GSX1,6,1178,-48,38.0,14.637409121938129,2.4940192902727016,-6.587125735701191,-13.683906535977506,0.5,0.10066718995290423,0.3589739124843952
MA1953.2,FOXO1::ELF1,13,1447,-6,85.0,46.501436265902626,1.8104715722402762,-6.578925051043115,-2.6748275817098115,0.5764705882352941,0.10066718995290423,0.3589739124843952
MA2553.1,ZNF407,17,12988,4,653.0,532.7743871931846,1.225236758621959,-6.578520371095923,-4.858524770592657,0.557427258805513,0.10066718995290423,0.3589739124843952
MA0720.2,Shox2,6,1178,211,74.0,38.59454399577355,1.8942003728595977,-6.570048271027192,-24.333106566853882,0.5,0.1010596546310832,0.3589739124843952
MA1955.2,FOXO1::ELK3,13,1665,-6,100.0,57.68170248869312,1.721149791444119,-6.5563249212757775,-3.584134149209036,0.56,0.10125588697017268,0.3589739124843952
MA0792.1,POU5F1B,9,560,-4,33.0,11.759594497525775,2.664661483293452,-6.541757881012826,-2.6213316169505023,0.36363636363636365,0.10145211930926216,0.3589739124843952
MA2600.1,TPRX1,10,619,-29,26.0,7.913959918412935,3.0289568549919115,-6.536215144310195,-3.1332893164566533,0.5769230769230769,0.10164835164835165,0.3589739124843952
MA1956.2,FOXO1::FLI1,13,1286,-7,81.0,43.747862470485835,1.8324897653845345,-6.520297744596312,-2.249077155792045,0.6049382716049383,0.10204081632653061,0.3589739124843952
MA2534.1,ZNF831,11,3148,208,150.0,96.77897954405209,1.5442992011587766,-6.483839067780053,-7.9689810261197565,0.4666666666666667,0.10262951334379906,0.3589739124843952
MA1114.2,PBX3,11,2044,-44,107.0,63.21451400659033,1.6818627637502013,-6.479984157925301,-3.1651417173196945,0.6822429906542056,0.10282574568288853,0.3589739124843952
MA1577.2,TLX2,6,1178,210,76.0,40.27731516526599,1.865431404433831,-6.467642046112647,-15.608721156518568,0.5,0.10302197802197802,0.3589739124843952
MA1967.2,TFAP4::FLI1,14,4188,20,226.0,159.07553133494412,1.4180805655114288,-6.463070545339364,-3.686954846796489,0.4778761061946903,0.1032182103610675,0.3589739124843952
MA1936.2,ERF::FOXO1,12,1624,-12,94.0,53.711630449735864,1.7363766939330656,-6.381737517104825,-4.461728540854941,0.5425531914893617,0.10498430141287284,0.3638741603391749
MA1470.2,BACH2,19,964,-1,49.0,21.909090909862215,2.1825396824662007,-6.3628819093013,-4.065453874664951,0.5306122448979592,0.10596546310832025,0.36423827495256067
MA0775.2,MEIS3,7,1842,-11,89.0,50.04699662266211,1.7630811987878023,-6.362354759344774,-3.709527645425987,0.4606741573033708,0.10596546310832025,0.36423827495256067
MA0442.3,SOX10,6,2633,-12,117.0,71.3195135438816,1.6316481433244248,-6.352122181004958,-2.8790749478378457,0.29914529914529914,0.10616169544740973,0.36423827495256067
MA1596.1,ZNF460,16,300,219,28.0,9.232629372890033,2.83407117987011,-6.301200403053384,-5.176905518144325,0.42857142857142855,0.10792778649921507,0.36848954915127874
MA1155.1,ZSCAN4,15,1832,174,100.0,58.50266114743799,1.6974030749606022,-6.291246777443177,-3.561592960020448,0.59,0.10812401883830455,0.36848954915127874
MA0813.1,TFAP2B,13,13105,211,492.0,391.528586933087,1.2559594801793124,-6.24357763082311,-6.882476106804288,0.49390243902439024,0.1108712715855573,0.3753416137730329
MA1630.3,ZNF281,10,13970,-3,756.0,629.7173653010664,1.2002206402524749,-6.2413364169934,-2.6183681199804685,0.4947089947089947,0.1108712715855573,0.3753416137730329
MA0819.3,CLOCK,7,2380,-17,111.0,67.10094180174306,1.6446174904020685,-6.231793470869414,-2.7245465288368353,0.5495495495495496,0.11145996860282574,0.37608512584860737
MA1940.2,ETV2::DRGX,12,1456,-14,86.0,48.333261011193684,1.763516098809275,-6.1848746679299875,-2.52403236265093,0.45348837209302323,0.11361852433281004,0.38210322209614994
MA1652.2,ZKSCAN5,9,4868,-4,221.0,156.50651256663824,1.4094655286464788,-6.161279381415046,-4.540690458068757,0.4841628959276018,0.11459968602825746,0.38413513178550773
MA1562.2,SOX14,9,780,-2,47.0,20.981320050229996,2.1836723131419835,-6.15393698055121,-2.694149280296031,0.425531914893617,0.11499215070643642,0.3841868903929794
MA0887.2,EVX1,6,1178,210,76.0,41.19183274234362,1.8249977541914881,-6.113394056637581,-5.178409980390269,0.5,0.11558084772370486,0.38489177722371
MA1420.1,IRF5,14,1616,-6,86.0,48.78582156836266,1.7474854739624464,-6.028504631984607,-3.0312146742699824,0.38372093023255816,0.11989795918367346,0.3979674931861995
MA0507.3,POU2F2,13,507,-2,31.0,11.2852431994311,2.604751039969794,-6.00304371154429,-2.9298925221690353,0.45161290322580644,0.12225274725274725,0.40446606964464105
MA2123.1,Hand1,9,3435,201,162.0,108.70253164568044,1.485836266080539,-5.960110482519435,-3.861065587364831,0.42592592592592593,0.12578492935635793,0.4114577043835285
MA0652.2,IRF8,13,1403,-13,77.0,42.3508190689919,1.799273962410368,-5.953312761233526,-2.8636608451442056,0.35064935064935066,0.12578492935635793,0.4114577043835285
MA1961.2,PATZ1,11,28386,11,1365.0,1197.2906173434324,1.1399571858689617,-5.9512525643771115,-3.09003194671382,0.5428571428571428,0.1259811616954474,0.4114577043835285
MA0707.3,MNX1,6,1178,210,76.0,41.627913882628036,1.806328130717639,-5.950167282028991,-2.455640905760227,0.5,0.1259811616954474,0.4114577043835285
MA0837.3,CEBPE,10,907,3,52.0,24.767066611887213,2.0568891600392463,-5.913515075296089,-5.636439959671273,0.5384615384615384,0.12755102040816327,0.4152051315381616
MA0038.3,GFI1,11,998,9,54.0,26.149519231345344,2.025818561696666,-5.902486607220318,-3.546471297631152,0.5555555555555556,0.12794348508634223,0.4152051315381616
MA1123.3,TWIST1,8,1439,-2,87.0,49.96338694415806,1.7267298206931172,-5.883310688605413,-3.593212588722454,0.4942528735632184,0.12892464678178964,0.4157411869324166
MA0003.5,TFAP2A,9,6224,220,254.0,186.0300336759878,1.3634173880424139,-5.879630595476721,-4.908642975141105,0.484251968503937,0.12892464678178964,0.4157411869324166
MA0702.3,LMX1A,7,628,-49,22.0,6.490956073965173,3.070369092129178,-5.857559187496486,-6.052209512791724,0.4090909090909091,0.13010204081632654,0.41821444666194557
MA0787.1,POU3F2,12,503,-2,28.0,9.844361604000456,2.674200756022556,-5.7736700567981885,-2.4047267114175823,0.5,0.1314756671899529,0.4213009586998805
MA2529.1,ZNF772,19,729,-11,38.0,15.914174641986301,2.3057583846385112,-5.73917377907612,-2.9749451150698913,0.5789473684210527,0.13343799058084774,0.4246080198461151
MA1472.3,Bhlha15,8,3969,-2,187.0,130.51386476956188,1.429507073869458,-5.706280712488857,-6.1610279957275464,0.4919786096256685,0.13422291993720564,0.4246080198461151
MA2101.1,ZNF677,12,1032,18,54.0,26.594957983685163,1.9931177294242446,-5.693426333372703,-4.385655977347215,0.7592592592592593,0.13441915227629514,0.4246080198461151
MA0070.2,PBX1,9,663,23,31.0,11.700000001111972,2.519685039149463,-5.688872909076631,-3.393571316801814,0.5483870967741935,0.13441915227629514,0.4246080198461151
MA0812.2,TFAP2B,9,14243,198,525.0,426.1462740845618,1.231428276244002,-5.684843558772527,-14.504409764444999,0.4895238095238095,0.1346153846153846,0.4246080198461151
MA0822.1,HES7,12,4322,-20,204.0,144.89787971606108,1.4050923865306364,-5.672454899387042,-4.544747583269606,0.5,0.13500784929356358,0.4246080198461151
MA0788.1,POU3F3,13,461,-3,22.0,6.705454546846143,2.9848985365067064,-5.634642732303724,-2.982524909164016,0.45454545454545453,0.1367739403453689,0.4288389083444028
MA1945.2,ETV5::FIGLA,14,5170,23,248.0,182.4825684459061,1.3570771442160707,-5.622238003239145,-2.964308307707809,0.5362903225806451,0.13736263736263737,0.42936358120407203
MA2328.1,ZBED4,10,45970,-5,2046.0,1845.9011498973557,1.108343021018621,-5.6115658923544025,-5.323948548950893,0.5127077223851417,0.13814756671899528,0.4304965458307529
MA1481.2,DRGX,6,1178,210,76.0,42.68938117014046,1.7624419924863965,-5.567622990080678,-12.1499081380289,0.5,0.14050235478806908,0.4364996936861048
MA0751.2,ZIC4,14,10999,138,433.0,344.99926396497574,1.2543379284296172,-5.548574197856892,-3.8693880154830733,0.4896073903002309,0.14187598116169545,0.4379805024496436
MA2559.1,NACC2,5,5541,20,228.0,165.921741403364,1.371900377235011,-5.540969593555206,-4.083207033904088,0.5877192982456141,0.14187598116169545,0.4379805024496436
MA2535.1,MYPOP,13,2431,-42,127.0,82.25783703707376,1.5373928095562113,-5.538486553399833,-4.201631320920682,0.5826771653543307,0.1422684458398744,0.4379805024496436
MA1575.2,THRB,17,4106,82,207.0,148.2698474076847,1.3934495386192227,-5.518646780064654,-10.229174386257615,0.5024154589371981,0.14383830455259028,0.44147961547918524
MA0627.3,POU2F3,9,611,-1,28.0,10.215624100065444,2.5856786694403198,-5.476643908108991,-8.776059651424621,0.42857142857142855,0.14678178963893249,0.4491610920182349
MA0790.2,POU4F1,12,450,4,23.0,7.447944475359072,2.84092776296093,-5.43214296324109,-3.100846393896987,0.4782608695652174,0.14854788069073782,0.4524485109772956
MA0732.2,EGR3,11,21120,-16,879.0,752.4733781650198,1.1679244755045206,-5.428338202454837,-9.216193414835317,0.5176336746302617,0.14874411302982732,0.4524485109772956
MA0886.2,EMX2,6,1178,210,76.0,43.192699079153314,1.742369251130955,-5.39331312058133,-14.742152355982991,0.5,0.152276295133438,0.4618141212528968
MA0733.2,EGR4,11,19996,-28,941.0,810.3851182946837,1.1609776649340502,-5.390682647298598,-3.7654865744992163,0.5037194473963869,0.15306122448979592,0.46269988317330507
MA0786.2,POU3F1,10,511,-4,25.0,8.620431116495526,2.70258158757766,-5.3749304243052185,-2.5934572309305373,0.52,0.15404238618524332,0.46269988317330507
MA1642.2,NEUROG2,7,1830,-2,109.0,68.61837148641706,1.580042704984296,-5.373195453641365,-3.918459305375939,0.5504587155963303,0.15404238618524332,0.46269988317330507
MA1648.2,TCF12,7,8049,20,378.0,297.90636446868393,1.2679556043367801,-5.337614764049149,-7.846645084124421,0.4497354497354497,0.15521978021978022,0.46269988317330507
MA1597.1,ZNF528,17,2264,134,116.0,74.30548768417997,1.5536716326794222,-5.334843465492734,-4.600631769770014,0.5,0.1554160125588697,0.46269988317330507
MA0621.2,mix-a,7,628,-49,22.0,7.012204623271464,2.8706206445597324,-5.332597406816947,-5.943832557857763,0.4090909090909091,0.1556122448979592,0.46269988317330507
MA1520.2,MAF,13,2314,5,124.0,80.74854601435561,1.5290791835985575,-5.321135438207481,-3.2280136551469467,0.5,0.15580847723704866,0.46269988317330507
MA1485.1,FERD3L,14,5497,17,304.0,232.9763959737517,1.3035502950229902,-5.312705993220203,-4.701288427307658,0.5164473684210527,0.15620094191522763,0.46269988317330507
MA0101.1,REL,10,3293,-33,162.0,111.85054891735192,1.4443881891914936,-5.294504961946897,-2.613815880180688,0.46296296296296297,0.1577708006279435,0.4656146652853117
MA2583.1,ZNF142,12,38184,-10,1518.0,1352.5402704430278,1.1222421919540049,-5.272662797988291,-6.680999730477362,0.4980237154150198,0.15816326530612246,0.4656146652853117
MA1984.2,ZNF667,11,1426,-42,79.0,45.81614142981912,1.7088123360171823,-5.268271814138347,-3.268386537065124,0.34177215189873417,0.15855572998430142,0.4656146652853117
MA0139.2,CTCF,15,6285,1,294.0,224.649525479642,1.3073371165879752,-5.257183494637655,-3.308900541371957,0.445578231292517,0.15953689167974883,0.4671496914415634
MA0132.3,PDX1,6,1178,-48,38.0,16.73758330275901,2.1987211749378344,-5.24931858918185,-15.941084024695707,0.5,0.16032182103610676,0.46810296743780166
MA1645.2,NKX2-2,8,1865,-2,89.0,53.64801255268453,1.6469034425219704,-5.202072835588653,-2.87589912955821,0.5730337078651685,0.1630690737833595,0.472634508348794
MA2691.1,ZNF841,13,2604,24,138.0,92.60014331775089,1.4850404611895418,-5.197853171358889,-2.630802984882149,0.4782608695652174,0.16326530612244897,0.472634508348794
MA0050.4,Irf1,11,899,-4,42.0,19.46342890677168,2.1013096190233598,-5.197713630761027,-2.8523371363810055,0.2619047619047619,0.16326530612244897,0.472634508348794
MA0874.2,Arx,10,547,107,37.0,16.195797517075942,2.2098422572297016,-5.188929219922227,-3.505518439492685,0.5405405405405406,0.1640502354788069,0.47309150346859846
MA1929.2,CTCF,31,6297,-5,337.0,262.89791639684194,1.280798289789168,-5.184648612757002,-4.084258409072644,0.5252225519287834,0.16483516483516483,0.47309150346859846
MA0142.1,Pou5f1::Sox2,15,578,-1,29.0,11.20846187861365,2.4573120101683683,-5.178865343137769,-3.9007075351332525,0.41379310344827586,0.1652276295133438,0.47309150346859846
MA1505.2,HOXC8,6,1178,210,76.0,43.842268497835846,1.7171298995213886,-5.174851224005004,-6.343912978007044,0.5,0.16562009419152277,0.47309150346859846
MA1533.2,NR1I2,15,3212,136,153.0,105.02162090476743,1.45253391417519,-5.171077935280696,-3.3328819278583293,0.49019607843137253,0.16581632653061223,0.47309150346859846
MA0027.3,EN1,6,1178,210,76.0,43.89017265985102,1.7152974791043174,-5.159024616121495,-4.580445549061649,0.5,0.1662087912087912,0.47309150346859846
MA0163.1,PLAG1,14,8248,195,319.0,247.32928355301678,1.2886116184992011,-5.149426308678982,-4.278334303727168,0.5579937304075235,0.16718995290423863,0.47394012853760287
MA1153.2,Smad4,7,2056,-44,106.0,67.14900314800748,1.570088997011667,-5.136816373053554,-3.666553026140551,0.6886792452830188,0.16817111459968603,0.47394012853760287
MA0776.1,MYBL1,12,1591,133,83.0,49.26593806947057,1.6711117553184207,-5.136345328479449,-4.571169346236014,0.46987951807228917,0.1683673469387755,0.47394012853760287
MA1625.2,Stat5b,9,1352,42,76.0,43.95935710339624,1.712657941769888,-5.1362355419332735,-3.9569353548710438,0.5526315789473685,0.1683673469387755,0.47394012853760287
MA1941.2,ETV2::FIGLA,13,5597,-5,254.0,190.96436276472124,1.3283715598427903,-5.104827986513167,-2.8451421137938446,0.49606299212598426,0.17013343799058084,0.47759221298182336
MA0863.1,MTF1,14,2804,-12,139.0,94.03385499845905,1.4731592231239075,-5.062672151812377,-3.810165707796314,0.5107913669064749,0.1728806907378336,0.48319283456269757
MA0838.1,CEBPG,10,1010,19,55.0,28.74762808382058,1.8825030298956107,-5.06034743334473,-2.780687721406303,0.5454545454545454,0.17307692307692307,0.48319283456269757
MA1971.2,ZBED2,7,4096,64,172.0,121.4395205807646,1.4129424811483502,-5.046506670595751,-3.627224343806987,0.46511627906976744,0.17366562009419154,0.4835116581310961
MA1148.2,PPARA::RXRA,17,1576,176,84.0,50.44138444379539,1.652366104043537,-5.011450105964209,-2.7078907445876923,0.4523809523809524,0.1750392464678179,0.4849996596512276
MA1508.2,IKZF1,8,2228,2,113.0,73.23279195679594,1.5357094485459861,-5.005683188825576,-3.37902130454662,0.3805309734513274,0.17562794348508634,0.4849996596512276
MA0520.2,Stat6,10,899,10,43.0,20.520049353182806,2.0446049764050573,-5.003109300248803,-2.857742334549129,0.5348837209302325,0.17562794348508634,0.4849996596512276
MA0658.2,LHX6,8,608,-13,30.0,12.093603745139069,2.3675682114260246,-4.98946126102698,-5.763761433177258,0.43333333333333335,0.17739403453689168,0.48777488395316665
MA0737.1,GLIS3,14,4408,154,199.0,144.55847688131405,1.3740182247377914,-4.984013186635535,-5.079296237470832,0.4371859296482412,0.17759026687598117,0.48777488395316665
MA1571.1,TGIF2LX,12,1376,18,71.0,40.6738794437795,1.7277009234797114,-4.980248552745897,-4.804574560508364,0.49295774647887325,0.1781789638932496,0.4880762478688746
MA0728.1,Nr2F6,15,714,198,50.0,25.427612903208736,1.9297997207234627,-4.968489039840227,-3.382395790689567,0.62,0.17896389324960754,0.48891208370335143
MA0833.3,ATF4,10,829,46,52.0,26.88894997264027,1.9003942440283437,-4.946735863271104,-2.810105033075306,0.5192307692307693,0.18190737833594978,0.4940829201033283
MA0501.2,MAF::NFE2,11,1503,-10,81.0,48.37665847678143,1.6607037116243735,-4.939924068308173,-3.15930240344128,0.2962962962962963,0.18308477237048665,0.4940829201033283
MA2578.1,ZBTB8A,9,10855,-21,477.0,390.12234316449087,1.222123993563241,-4.938721645272276,-2.9859546019797047,0.4549266247379455,0.18308477237048665,0.4940829201033283
MA0772.2,IRF7,13,967,-12,52.0,26.922298152851518,1.8981245637400181,-4.932708948864068,-2.6463827916681457,0.3269230769230769,0.18328100470957615,0.4940829201033283
MA2485.1,Duxbl1,13,597,12,29.0,11.563615648552856,2.3878476418892647,-4.932392452163496,-2.9162690584163182,0.41379310344827586,0.18328100470957615,0.4940829201033283
MA0164.2,Nr2e3,6,1682,-26,72.0,41.63366336699741,1.712261960029198,-4.91063204067892,-4.002506723449874,0.5,0.18543956043956045,0.49832324630256963
MA1716.2,ZNF76,17,3797,-27,178.0,127.22567736967686,1.3959762480641056,-4.908150695024266,-3.45036961888225,0.4887640449438202,0.1858320251177394,0.49832324630256963
MA0859.2,Rarg,15,850,197,55.0,29.147183255417936,1.8575533085644376,-4.898173702514438,-2.876471649873755,0.5272727272727272,0.18642072213500785,0.4983315114205167
MA0466.4,CEBPB,10,1110,5,65.0,36.45355616021998,1.7621824672045334,-4.894597754731149,-3.878995902181853,0.5230769230769231,0.18681318681318682,0.4983315114205167
MA0668.3,Neurod2,8,1450,-2,75.0,43.99612653335114,1.6890342759541488,-4.879704675159488,-3.8619915986139643,0.5333333333333333,0.18818681318681318,0.5006850199408945
MA1684.1,Foxn1,6,9746,-38,432.0,350.45019645805627,1.2320380081269247,-4.846898786705562,-9.995178292004134,0.46296296296296297,0.19152276295133439,0.5082335818942961
MA0519.2,Stat5a::Stat5b,9,1285,44,64.0,35.87635719086508,1.7626469898740877,-4.836835803793377,-2.892883942443862,0.484375,0.19230769230769232,0.508991008991009
MA0691.1,TFAP4,10,2328,25,121.0,80.46552327615196,1.497566026629992,-4.818936699911599,-3.782221445435544,0.4793388429752066,0.1936813186813187,0.5112986107157091
MA2096.1,ZNF524,9,4223,219,184.0,132.84864832111282,1.3821581489278196,-4.809230703683273,-5.141246544882716,0.40217391304347827,0.1946624803767661,0.5116944410900455
MA0047.4,FOXA2,8,754,-48,33.0,14.273251029727827,2.2261141346935545,-4.807659466517846,-3.5598318193456295,0.48484848484848486,0.1948587127158556,0.5116944410900455
MA0145.2,Tfcp2l1,14,5597,179,232.0,173.981656350519,1.3315681475391916,-4.799262604355305,-6.61312326327146,0.47413793103448276,0.1956436420722135,0.5116944410900455
MA1471.2,BARX2,9,486,97,31.0,13.01588742671782,2.283123360351762,-4.797888925621979,-2.9773561487112397,0.2903225806451613,0.195839874411303,0.5116944410900455
MA0591.2,Bach1::Mafk,12,2200,-6,124.0,83.06703561528106,1.486908621020514,-4.781902699357899,-3.189946536191932,0.4032258064516129,0.19740973312401883,0.5144770282695017
MA0888.2,EVX2,6,1178,-48,38.0,17.59836065660874,2.0969590126827518,-4.779427110637837,-7.666166773718377,0.5,0.19819466248037676,0.5152050027232243
MA0160.3,NR4A2,8,1240,-28,57.0,30.933982355238268,1.8162470109364863,-4.764937380784053,-2.822264237276874,0.5263157894736842,0.20035321821036106,0.5194909143927683
MA0857.1,Rarb,16,859,197,54.0,28.79115149715247,1.846185771142719,-4.7536104398845485,-3.411207122585224,0.5370370370370371,0.20153061224489796,0.5210032698815901
MA2093.1,HOXB1,7,622,163,44.0,21.758023106490093,1.9773246467601564,-4.739202670856784,-2.864744882211447,0.5,0.20251177394034536,0.5210032698815901
MA0694.2,ZBTB7B,10,5967,166,239.0,180.49529915464697,1.3223482983738484,-4.730911889809915,-6.784476282075168,0.5062761506276151,0.20349293563579277,0.5210032698815901
MA0784.3,POU1F1,14,519,-6,26.0,10.031293144183625,2.4475824952794456,-4.730067134586584,-2.8195242872529493,0.46153846153846156,0.20349293563579277,0.5210032698815901
MA0782.3,PKNOX1,10,1615,-1,77.0,46.00076982329533,1.6595472859965859,-4.7300261234527845,-6.3510576374452,0.5064935064935064,0.20349293563579277,0.5210032698815901
MA0774.1,MEIS2,8,1928,-6,102.0,65.59175257732754,1.5467380871286507,-4.72195205902354,-6.396841384357077,0.4019607843137255,0.2044740973312402,0.5222032711291573
MA0860.1,Rarg,17,1681,185,89.0,55.387149917708555,1.5961083355222965,-4.704459497645409,-3.557724452596325,0.4943820224719101,0.20584772370486656,0.5235880080019731
MA1958.2,HOXD12::ELK1,13,1353,-19,76.0,45.31990672047442,1.6623522250308052,-4.704063481295164,-3.2089654522176736,0.42105263157894735,0.20604395604395603,0.5235880080019731
MA2577.1,ZXDC,8,5850,177,232.0,174.6888606069706,1.3262081568235495,-4.692861712411579,-5.916452994866274,0.5560344827586207,0.2076138147566719,0.5262648687488772
MA1683.2,FOXA3,7,756,50,36.0,16.470000000485328,2.1179164281037273,-4.6731820867613605,-2.5257409593543447,0.5,0.20918367346938777,0.5286091207236894
MA0116.2,ZNF423,13,9139,211,349.0,277.82798564293427,1.2552541997997584,-4.65970739439842,-3.97382151996771,0.4871060171919771,0.20957613814756673,0.5286091207236894
MA0904.3,HOXB5,6,1178,210,76.0,45.471257983666476,1.656938145015649,-4.657822589640284,-11.123602411508996,0.5,0.21016483516483517,0.5287851037851038
MA1982.2,ZNF574,14,6769,-6,307.0,240.67373330502485,1.2744454922259278,-4.645977263131508,-4.292837821202432,0.5537459283387622,0.21251962323390894,0.5333928474762395
MA0795.1,SMAD3,10,1506,-43,90.0,56.40953800284599,1.5851024614670965,-4.639588938885745,-3.9792898936201193,0.45555555555555555,0.21330455259026687,0.5340475161903733
MA2680.1,IRX5,6,1590,4,71.0,41.74722520629962,1.6843198512307047,-4.629174746664794,-3.23570473997292,0.2676056338028169,0.21467817896389324,0.5358361512745027
MA2119.1,HOXA3,7,597,163,37.0,17.2346424977855,2.083945435432304,-4.621187372553266,-4.785378487482417,0.4864864864864865,0.2150706436420722,0.5358361512745027
MA0713.1,PHOX2A,11,396,55,23.0,8.42126582355333,2.547428386958319,-4.603042148894929,-2.911016952763205,0.6521739130434783,0.21821036106750394,0.5423325803116744
MA0778.2,NFKB2,11,3083,126,151.0,106.29344110242495,1.416675599535456,-4.587715074622126,-5.162092861763996,0.5099337748344371,0.2195839874411303,0.5444186939233863
MA2491.1,ZNF134,15,2009,-3,100.0,64.58138913638643,1.5400710678749912,-4.575433087416199,-5.1722449754753494,0.52,0.22076138147566718,0.546009339135206
MA1554.2,RFX7,8,2476,-10,118.0,79.18545008700917,1.4840597623493188,-4.55743162623744,-4.4104054407826165,0.5254237288135594,0.22193877551020408,0.5462695947944395
MA0654.2,ISX,6,1178,210,76.0,45.81635926199734,1.644724220631652,-4.553722230342679,-2.387237480000327,0.5,0.22193877551020408,0.5462695947944395
MA0675.2,NKX6-2,6,1178,210,76.0,45.851994233261834,1.6434732664022882,-4.54307775647774,-6.232703916692743,0.5,0.22291993720565148,0.5473624482230334
MA0861.2,TP73,16,1782,158,96.0,61.5365065690489,1.5510939980777254,-4.53936882950195,-4.360192979400459,0.46875,0.2237048665620094,0.5479693726603068
MA0091.2,TAL1::TCF3,10,1043,23,55.0,30.0991217066611,1.800693940112315,-4.5293592904689275,-3.3891490782402705,0.4727272727272727,0.22566718995290425,0.5501312597177259
MA1557.1,SMAD5,10,2315,-44,121.0,81.76600441496203,1.4740351532294755,-4.5284772228935,-4.826100872520755,0.5041322314049587,0.22566718995290425,0.5501312597177259
MA0103.4,ZEB1,6,4551,211,192.0,141.37364707140824,1.355587947418386,-4.519343376088267,-6.340008739880571,0.5052083333333334,0.22645211930926218,0.5507272304919766
MA2510.1,ZBTB41,18,17085,119,613.0,518.8003773657288,1.1812226899712173,-4.509463203207047,-4.035754735644894,0.5856443719412724,0.22821821036106751,0.5537008484712567
MA2677.1,HOXD1,9,593,209,40.0,19.507888553284218,1.999230681085113,-4.502490115074712,-3.3247493052271877,0.525,0.22919937205651492,0.5547604753576929
MA1507.2,HOXD4,6,1098,-3,47.0,24.428078251345575,1.887677060198601,-4.490459980354687,-5.15146205571473,0.6382978723404256,0.23096546310832025,0.5557594652162057
MA2521.1,FIZ1,19,990,184,54.0,29.481406159440194,1.804378699339181,-4.486997329149945,-3.0415661615699077,0.5925925925925926,0.2315541601255887,0.5557594652162057
MA1599.2,ZNF682,11,9066,-2,432.0,353.98727058703525,1.2197620474783692,-4.481550214396122,-5.463533443578489,0.5509259259259259,0.23175039246467818,0.5557594652162057
MA2098.1,ZNF766,9,1249,-36,62.0,35.41468354484782,1.7300713302206807,-4.480161704091178,-2.6138944031178237,0.45161290322580644,0.23194662480376765,0.5557594652162057
MA1970.2,TRPS1,8,768,-20,38.0,18.210309278954732,2.030159922658052,-4.469306581959568,-3.03224161083567,0.6052631578947368,0.23233908948194662,0.5557594652162057
MA0738.2,HIC2,6,2015,187,97.0,62.63749402203903,1.5399726451525653,-4.46276153592252,-10.9121372428645,0.4742268041237113,0.23332025117739402,0.5567993816153736
MA0848.1,FOXO4,7,948,-9,36.0,16.88186606584317,2.069135282848086,-4.457663701498241,-2.9852353722883724,0.3611111111111111,0.2348901098901099,0.5589600598736811
MA2496.1,ZNF596,11,5043,-49,233.0,177.2138554216575,1.3130292223707936,-4.450084501733197,-2.9163129330104245,0.5665236051502146,0.2358712715855573,0.5589600598736811
MA1518.3,Lhx1,10,763,-9,36.0,16.896885814087543,2.067398785708038,-4.449980393977748,-2.816525201826258,0.5,0.2358712715855573,0.5589600598736811
MA2628.1,HELT,8,8900,-22,420.0,343.61596715953567,1.2216497206152472,-4.433669657322293,-13.675086578859181,0.5071428571428571,0.23842229199372056,0.5633153635385778
MA0157.4,Foxo3,7,948,-41,41.0,20.350626118961642,1.9671554251376029,-4.43103406952931,-5.5678317128256545,0.4634146341463415,0.23881475667189953,0.5633153635385778
MA2102.1,ZBTB17,8,704,24,38.0,18.314720812713762,2.0191852824674825,-4.418262159760212,-2.8315207048231157,0.5263157894736842,0.23979591836734693,0.5643234198991375
MA1528.2,NFIX,14,5527,48,239.0,182.72945375823832,1.3062685110673962,-4.409087218992156,-4.171466926753868,0.5188284518828452,0.24116954474097332,0.5662483089655572
MA2121.1,ZNF213,12,3972,213,156.0,111.50031255475953,1.395551678343829,-4.398859166909803,-6.301944209527131,0.5448717948717948,0.24273940345368916,0.5664792056586762
MA0727.2,NR3C2,15,1778,-9,88.0,55.7473765039463,1.568354441791874,-4.395693365757238,-3.2238451707216957,0.5113636363636364,0.24293563579277866,0.5664792056586762
MA2095.1,Sox7,10,836,-2,45.0,23.237590999690678,1.897878382409665,-4.394167412621739,-3.045359747547324,0.4222222222222222,0.24293563579277866,0.5664792056586762
MA1715.1,ZNF707,15,4074,-49,184.0,135.42433449739278,1.3560630563569696,-4.373181900813509,-2.7329948918438434,0.5271739130434783,0.24430926216640503,0.5679978579832143
MA2094.1,PAX8,16,4487,-27,204.0,152.62726620002562,1.3343985418127933,-4.3698025818820305,-2.817435162686591,0.5294117647058824,0.244701726844584,0.5679978579832143
MA0712.3,OTX2,7,531,206,39.0,19.11025587678211,1.9890348608732122,-4.36541557570841,-3.3099161313431016,0.38461538461538464,0.24627158555729983,0.5699561614284646
MA1964.2,SMAD2,6,3396,-45,153.0,109.18362846212516,1.3976668053996462,-4.360626384971764,-3.865995131994049,0.3333333333333333,0.2466640502354788,0.5699561614284646
MA0818.2,BHLHE22,10,543,213,36.0,17.08263422823605,2.0461620543219565,-4.3559605335869245,-5.38221714491097,0.5277777777777778,0.24744897959183673,0.570476267430049
MA0138.3,REST,20,4560,93,212.0,159.67664478952824,1.3256438126338186,-4.3491551850047685,-5.7949055281233,0.47641509433962265,0.24843014128728413,0.5710590889162318
MA1493.1,HES6,10,2458,18,123.0,84.2539946591981,1.4544773003973437,-4.347406143200632,-5.236400787402692,0.5203252032520326,0.2488226059654631,0.5710590889162318
MA0025.3,NFIL3,9,563,5,26.0,10.603766880786672,2.3268306126268494,-4.338003440838641,-3.4780628050844378,0.4230769230769231,0.25039246467817894,0.5716998725148293
MA2550.1,ZNF275,15,3203,199,138.0,96.74351816115828,1.4220891841729961,-4.336433166916118,-5.901720664957223,0.427536231884058,0.25058869701726844,0.5716998725148293
MA0014.4,PAX5,8,4882,-2,233.0,178.03538689397251,1.3070041853713443,-4.333082775192539,-5.694674093476152,0.48497854077253216,0.25078492935635793,0.5716998725148293
MA2580.1,ZNF20,10,1231,212,64.0,37.40210347407054,1.692615615284944,-4.320197776402613,-2.871903571358528,0.4375,0.2521585557299843,0.5735481435019062
MA2533.1,ZNF814,16,4422,-44,188.0,139.22025599194836,1.3478794391222095,-4.313413689381409,-3.294107451661313,0.526595744680851,0.2533359497645212,0.5749428347662519
MA0769.3,TCF7,7,1071,-17,63.0,36.68209145562498,1.6984195284215422,-4.308327418139194,-3.9017041914682915,0.47619047619047616,0.25490580847723704,0.577220041862899
MA1968.2,TFCP2,9,1595,-29,80.0,49.83663860770406,1.5933390211941516,-4.291647071120026,-3.471548612085806,0.4625,0.2578492935635793,0.5811902771141901
MA1620.2,Ptf1A,8,1373,233,75.0,45.93802278341991,1.6191564001465728,-4.291083840141033,-4.198710464329075,0.4666666666666667,0.2578492935635793,0.5811902771141901
MA1496.2,HOXA4,7,623,32,29.0,12.591915303987157,2.207194448246714,-4.282641875582994,-6.277089774743076,0.5517241379310345,0.25922291993720564,0.5811902771141901
MA2690.1,ZNF724,24,844,-47,44.0,22.81657402782208,1.8894405193388366,-4.272333147697358,-2.3811688955849886,0.45454545454545453,0.2602040816326531,0.5811902771141901
MA0653.1,IRF9,15,1114,-6,54.0,30.081231868452743,1.7695566325292484,-4.265582674550326,-2.9626456750562924,0.3333333333333333,0.26118524332810045,0.5811902771141901
MA0814.3,TFAP2C,9,3687,220,158.0,113.95704470667607,1.3831253265574437,-4.261137575420822,-3.521139685269908,0.5126582278481012,0.26118524332810045,0.5811902771141901
MA1593.2,ZNF317,8,2096,-6,112.0,75.63178259685053,1.4745839933605325,-4.26010316639043,-2.473195085765386,0.5535714285714286,0.26118524332810045,0.5811902771141901
MA2602.1,ZBED5,8,12295,158,460.0,381.6910189250188,1.2046271723202482,-4.257071242697749,-6.375208213912186,0.5108695652173914,0.26177394034536894,0.5811902771141901
MA0007.4,Ar,16,2175,172,105.0,69.95927936836225,1.4938144939400404,-4.253012362287311,-3.2102243374129693,0.49523809523809526,0.2619701726844584,0.5811902771141901
MA1147.2,NR4A2::RXRA,13,2076,229,95.0,61.910871033250594,1.5259683807153241,-4.24705431803976,-5.412514164091308,0.5684210526315789,0.2623626373626374,0.5811902771141901
MA0805.1,TBX1,8,1274,223,74.0,45.356918238931996,1.6178814910308823,-4.234773619553636,-3.1367297959732876,0.44594594594594594,0.2641287284144427,0.5830079354039571
MA2561.1,TIGD4,15,1825,-38,92.0,59.57094784085392,1.5353895442473713,-4.231395037359818,-3.0896418919736233,0.5108695652173914,0.2647174254317112,0.5830079354039571
MA0830.3,TCF4,8,3746,210,154.0,110.81460916195948,1.386223152428034,-4.218363799717093,-7.857217092362439,0.487012987012987,0.266679748822606,0.5830079354039571
MA2568.1,ZNF568,10,1906,19,90.0,58.04310856260328,1.5412467638541236,-4.2138817308289305,-4.078297699786113,0.6555555555555556,0.26805337519623235,0.5830079354039571
MA0739.2,Hic1,8,1732,210,87.0,55.668536699431556,1.5528899302050043,-4.210095989345431,-5.829049703993967,0.4482758620689655,0.26824960753532184,0.5830079354039571
MA1588.1,ZNF136,15,760,109,45.0,23.68507381105141,1.8634742740532533,-4.207757848222439,-3.497262330640469,0.5333333333333333,0.2686420722135008,0.5830079354039571
MA1643.2,NFIB,17,3070,87,153.0,110.03013707506568,1.3870108067675633,-4.207521875860043,-3.0602320121850335,0.48366013071895425,0.2686420722135008,0.5830079354039571
MA0629.2,Rhox11,9,1100,-21,56.0,31.730769231131816,1.7414806110265366,-4.20654119543719,-3.2376192176304373,0.5357142857142857,0.2690345368916798,0.5830079354039571
MA0839.2,CREB3L1,13,3149,-36,138.0,97.4374120958937,1.4120647530289792,-4.202889394358013,-3.4577526115710855,0.391304347826087,0.2694270015698587,0.5830079354039571
MA0258.2,ESR2,15,2620,150,125.0,86.6104840733097,1.4381840407886246,-4.202347118838406,-3.5082014199906726,0.488,0.2696232339089482,0.5830079354039571
MA1710.2,ZNF257,10,3349,138,141.0,99.95742901822817,1.406533440687772,-4.201720974404485,-5.826032068455718,0.5390070921985816,0.2696232339089482,0.5830079354039571
MA2551.1,ZNF286B,21,2108,-17,109.0,73.47642634383661,1.4769774195684564,-4.1947903562252975,-3.2070435841908616,0.6422018348623854,0.27040816326530615,0.5830079354039571
MA0783.1,PKNOX2,12,1209,212,70.0,42.407814255378135,1.6356501984248897,-4.191279467831296,-3.1683725042273907,0.4857142857142857,0.2709968602825746,0.5830079354039571
MA1646.2,OSR2,8,2663,16,112.0,75.95194373929648,1.4684489372072238,-4.190262198957735,-2.7104558788400497,0.5982142857142857,0.271193092621664,0.5830079354039571
MA2688.1,ZNF347,16,4279,173,183.0,135.74661857546118,1.345554295358776,-4.18263785697961,-3.1644640265420376,0.37158469945355194,0.27237048665620095,0.584306370321408
MA2603.1,ZFTA,9,7216,233,271.0,212.60284191840674,1.2733912974055848,-4.174505030861326,-6.103247863108975,0.4833948339483395,0.2737441130298273,0.5860194352466261
MA0040.2,Foxq1,10,519,42,26.0,10.864369822079574,2.2757213745776066,-4.170525351040959,-2.6126424622348425,0.4230769230769231,0.2749215070643642,0.5873061125756542
MA0777.1,MYBL2,15,1412,-36,70.0,42.525146199116655,1.6312409308217544,-4.156602486919218,-3.073662331508114,0.4857142857142857,0.27649136577708006,0.5894240621900515
MA2586.1,ZNF518B,13,999,20,49.0,26.740150376284042,1.802441562924858,-4.143697620440123,-2.6606618162201845,0.42857142857142855,0.2794348508634223,0.5936979073945201
MA2543.1,ZBTB47,10,828,37,37.0,18.224152911374677,1.9766800740289525,-4.134130796578026,-3.8017141533735392,0.2702702702702703,0.28100470957613816,0.5936979073945201
MA0710.2,NOTO,7,628,205,38.0,18.918442321998032,1.9579844331967764,-4.133282793406614,-10.15105766732477,0.42105263157894735,0.28100470957613816,0.5936979073945201
MA1627.2,Wt1,10,10867,-25,476.0,397.6709458460712,1.196475451672799,-4.128342458838943,-6.404702837635209,0.48739495798319327,0.2817896389324961,0.5936979073945201
MA1980.1,ZNF418,15,1269,-43,74.0,45.74232645987845,1.6045414441315131,-4.12501334024821,-2.6034428743868596,0.7297297297297297,0.2817896389324961,0.5936979073945201
MA0704.2,Lhx4,6,1178,210,76.0,47.31503909210824,1.5937066687084012,-4.122537500079215,-3.4381598675159513,0.5,0.282574568288854,0.5936979073945201
MA0736.1,GLIS2,14,9431,225,341.0,275.43530645031717,1.2371791591732388,-4.12175074757588,-9.40702231745102,0.4838709677419355,0.282574568288854,0.5936979073945201
MA1112.3,NR4A1,8,1320,-28,64.0,38.07490039873212,1.663471930490425,-4.106997925197912,-2.8680609581144356,0.53125,0.28434065934065933,0.5950249143568981
MA1572.1,TGIF2LY,12,1706,-43,91.0,59.305393112402086,1.5255683654780747,-4.099476629943177,-3.6702381897376366,0.4945054945054945,0.2859105180533752,0.5950249143568981
MA0146.3,Zfx,10,6347,191,234.0,180.69634184166733,1.293366710733132,-4.086138194165805,-4.232777137290074,0.5256410256410257,0.28630298273155413,0.5950249143568981
MA1962.1,POU2F1::SOX2,17,463,-5,24.0,9.74473826328251,2.326720240867228,-4.085858374673746,-3.592408326410662,0.4166666666666667,0.28649921507064363,0.5950249143568981
MA1607.2,Foxl2,10,599,47,30.0,13.596145611149257,2.1238483655795175,-4.0825323214919385,-3.5428497277552085,0.4666666666666667,0.2868916797488226,0.5950249143568981
MA0808.1,TEAD3,8,1091,112,60.0,35.11916761512276,1.6888539805236227,-4.078501043282092,-5.309704240893561,0.5333333333333333,0.288265306122449,0.5950249143568981
MA2324.1,BCL11A,7,1548,194,78.0,49.0482676932816,1.5784762118870466,-4.07823351443446,-5.45485282156753,0.47435897435897434,0.288265306122449,0.5950249143568981
MA0595.1,SREBF1,10,1561,-35,69.0,42.02638427742801,1.6269087253218852,-4.07580648590069,-3.281737977945765,0.5362318840579711,0.28846153846153844,0.5950249143568981
MA0873.2,HOXD12,10,767,-16,42.0,21.86622807058487,1.8805025414451815,-4.074348779044395,-3.0188014837546255,0.2619047619047619,0.28846153846153844,0.5950249143568981
MA0721.2,UNCX,6,1178,210,76.0,47.552729841331306,1.5859046494735398,-4.057176206911493,-11.820965168509643,0.5,0.29120879120879123,0.5986728205550209
MA0723.3,VAX2,6,1178,210,76.0,47.56810533983137,1.585402590058444,-4.052975958413925,-4.646809958948848,0.5,0.29140502354788067,0.5986728205550209
MA1618.2,Ptf1A,9,1274,26,69.0,42.140578854156516,1.6226022426969737,-4.042460149109383,-3.2719176205061133,0.43478260869565216,0.29336734693877553,0.6010868434491499
MA0009.2,TBXT,16,928,177,55.0,31.48138991900945,1.7240641530314098,-4.035189546767489,-3.2759715467725137,0.509090909090909,0.29375981161695447,0.6010868434491499
MA1579.2,ZBTB26,8,2201,8,92.0,60.52523030445157,1.511575000041424,-3.999369030352065,-3.7689067470274358,0.44565217391304346,0.30160910518053374,0.6159111787153585
MA2566.1,ZNF395,6,27875,221,885.0,778.6778427696853,1.1363667804802835,-3.9960783113126728,-12.012900028883768,0.46779661016949153,0.3025902668759812,0.616645437539364
MA1107.3,KLF9,11,3173,-3,166.0,122.33495299451391,1.3540362723244266,-3.9944337890129167,-4.026525823931272,0.5843373493975904,0.3031789638932496,0.616645437539364
MA0745.3,SNAI2,8,1876,202,89.0,58.21567106294101,1.5198679400987953,-3.9737348224773146,-5.50538771831869,0.5955056179775281,0.3069073783359498,0.6198002262804161
MA0766.3,GATA5,8,1037,-38,56.0,32.42434394209374,1.7053438684914828,-3.9707809977295816,-2.4757473363480775,0.6071428571428571,0.3072998430141287,0.6198002262804161
MA2598.1,MSANTD1,10,798,-34,44.0,23.575403641744952,1.8310991207306502,-3.9627597207456113,-2.4634038062387464,0.5,0.30788854003139715,0.6198002262804161
MA0144.3,STAT3,9,1510,43,81.0,51.864266501128824,1.5511423013549055,-3.961957643342546,-2.6932473308252662,0.48148148148148145,0.30788854003139715,0.6198002262804161
MA0106.3,TP53,18,1405,55,76.0,47.9299555914903,1.5736781092315468,-3.955092024269126,-3.356126820014571,0.5526315789473685,0.30847723704866564,0.6198002262804161
MA1615.2,Plagl1,8,5188,233,201.0,152.82987045212255,1.3131389853368547,-3.9515673150665913,-4.204538691004089,0.48258706467661694,0.3090659340659341,0.6198002262804161
MA0817.2,BHLHE23,10,463,213,36.0,17.92600229081639,1.9549823270365871,-3.9513913712100037,-3.022848744182872,0.5,0.3090659340659341,0.6198002262804161
MA0683.2,POU4F2,15,471,45,23.0,9.339943343738799,2.321095890194877,-3.9430456702604375,-2.99046147855227,0.5217391304347826,0.31043956043956045,0.6198002262804161
MA0832.2,Tcf21,10,1798,19,87.0,56.74161735719504,1.5240307429496438,-3.941350583053676,-4.646291760557369,0.47126436781609193,0.31063579277864994,0.6198002262804161
MA1624.2,Stat5a,9,1503,41,70.0,43.27255278356898,1.6037024191284146,-3.9409603004440785,-3.425832565570133,0.5857142857142857,0.3110282574568289,0.6198002262804161
MA1991.2,Hnf1A,10,1029,-21,59.0,34.79710144930471,1.6761133603225125,-3.9382718831255374,-3.0477284726325244,0.5423728813559322,0.3114207221350079,0.6198002262804161
MA1649.2,ZBTB12,7,3907,221,166.0,122.71661498464493,1.349859111653897,-3.932250508176709,-5.598324719785382,0.536144578313253,0.31279434850863425,0.6213205480122774
MA2513.1,FLYWCH1,21,372,66,25.0,10.624679604813288,2.236620783013624,-3.925635713202802,-2.5457330362696866,0.72,0.31456043956043955,0.6231335110072652
MA2512.1,ZNF648,9,7123,219,270.0,213.7512977822173,1.261924853533716,-3.9232080956977025,-4.040485842279385,0.44814814814814813,0.31495290423861855,0.6231335110072652
MA2679.1,IRX2,6,1590,5,71.0,44.13030695082695,1.5953802414517082,-3.919620647160753,-3.0417920340244216,0.7746478873239436,0.315541601255887,0.6231335110072652
MA0068.2,PAX4,8,601,109,37.0,18.719019218199247,1.9270735313716167,-3.908363602802364,-3.9278303202433755,0.4864864864864865,0.3180926216640502,0.6236779740687062
MA2545.1,ZNF57,24,3005,13,144.0,104.10080275853745,1.3796279019212485,-3.9082900572755057,-4.02257295302188,0.5069444444444444,0.3180926216640502,0.6236779740687062
MA0905.2,HOXC10,9,626,5,27.0,11.952267304047027,2.161783674063861,-3.9022113921102672,-2.4765659964850877,0.5185185185185185,0.3184850863422292,0.6236779740687062
MA2569.1,ZNF676,16,6547,-47,286.0,228.1784704412586,1.2522991337162352,-3.9011232026758145,-3.229962110728262,0.5384615384615384,0.31868131868131866,0.6236779740687062
MA0124.3,Nkx3-1,7,1631,-34,69.0,42.642029395671756,1.6039584081977252,-3.8985553351759483,-6.830629768885293,0.4492753623188406,0.31887755102040816,0.6236779740687062
MA1947.2,ETV5::FOXO1,10,1702,-18,82.0,52.917800907608886,1.5393802900497566,-3.8966581850083446,-3.618058362698979,0.5121951219512195,0.3198587127158556,0.6243985215660093
MA0469.4,E2F3,14,2171,116,101.0,68.35539215705995,1.4706859384345219,-3.881977795710397,-6.527764968528891,0.5148514851485149,0.32358712715855575,0.62855587808418
MA2519.1,ZNF606,14,3301,227,138.0,99.17868633393782,1.3875206901461492,-3.8806627982966995,-3.363833313192807,0.45652173913043476,0.3237833594976452,0.62855587808418
MA0714.2,PITX3,6,1240,152,66.0,40.4222737819577,1.6174872570414807,-3.865310609945683,-5.902261342177108,0.48484848484848486,0.326138147566719,0.62855587808418
MA1499.2,HOXB4,6,1098,-2,45.0,24.558306300791408,1.7998062727096913,-3.863475380851213,-3.050081558687505,0.6222222222222222,0.3263343799058085,0.62855587808418
MA2517.1,ZSCAN25,12,5448,130,230.0,178.86168608645616,1.2843202186426885,-3.8619075076361913,-2.8887255304128807,0.5391304347826087,0.32653061224489793,0.62855587808418
MA0697.3,Zic3,7,4730,26,233.0,181.51598978052922,1.282079451128523,-3.8602561979590124,-5.39248442238328,0.4721030042918455,0.32672684458398743,0.62855587808418
MA1709.2,ZIM3,11,956,-49,46.0,25.303176131429755,1.78685645281596,-3.8585537626636395,-2.9097196507896643,0.5,0.3269230769230769,0.62855587808418
MA0159.1,RARA::RXRA,17,2614,51,121.0,85.01484054325829,1.4183598926588044,-3.8585225866464685,-3.7102798923627245,0.5454545454545454,0.3269230769230769,0.62855587808418
MA1640.2,MEIS2,9,658,50,34.0,16.759081420328325,1.9708226552718249,-3.849924508596498,-8.6441662675389,0.5,0.32868916797488223,0.6299515468419872
MA2323.1,Pgr,17,833,171,56.0,32.80255130310983,1.686263249447565,-3.8468350598921206,-2.923567415733681,0.48214285714285715,0.32888540031397173,0.6299515468419872
MA1552.2,RARB,13,1903,50,94.0,62.85137614686309,1.4878301100589073,-3.835131184986177,-3.201827037257641,0.48936170212765956,0.3304552590266876,0.6317709361129356
MA1724.2,Rfx6,9,2170,-19,101.0,68.66464799406889,1.464157258193339,-3.814650326109497,-3.538656292371771,0.5247524752475248,0.33359497645211933,0.6365791779114413
MA0726.2,VSX2,7,628,-7,21.0,8.311209144543113,2.362743619918926,-3.8050159144836404,-10.268866751376562,0.42857142857142855,0.33555729984301413,0.6379344935448347
MA0084.2,SRY,7,768,164,44.0,23.984858044362284,1.8010908815291045,-3.8038625987242645,-2.425920763978094,0.36363636363636365,0.33555729984301413,0.6379344935448347
MA0150.3,Nfe2l2,11,1494,0,78.0,50.156847133810324,1.5442703064432546,-3.7876542635381067,-2.663801693808925,0.5512820512820513,0.3392857142857143,0.6438214950784784
MA1727.2,ZNF417,7,8878,198,320.0,259.6866196609098,1.2313635445407336,-3.7838868125441554,-9.831534295683422,0.471875,0.3404631083202512,0.6448548464281337
MA1717.2,ZNF784,8,2512,21,117.0,82.1230769231966,1.4195817138606248,-3.7712961548022785,-3.1010427636606095,0.3418803418803419,0.34379905808477235,0.6469318496629421
MA1119.2,SIX2,11,1143,-31,52.0,30.019697965139912,1.7085917490093443,-3.7678644216278236,-6.356150721094352,0.46153846153846156,0.3447802197802198,0.6469318496629421
MA2587.1,ZNF672,15,3168,213,141.0,102.35936961244559,1.37384738831555,-3.767655237934202,-4.950248899548085,0.3829787234042553,0.3447802197802198,0.6469318496629421
MA1966.2,TFAP4::ETV1,13,6896,-48,297.0,239.19261709907968,1.2406709398443947,-3.7664994864031387,-3.9005719986740024,0.45454545454545453,0.3449764521193093,0.6469318496629421
MA1523.2,MSANTD3,7,3631,99,163.0,121.17574072100591,1.342328673697193,-3.7660794168320275,-3.5519702448563497,0.32515337423312884,0.34517268445839877,0.6469318496629421
MA1473.2,CDX4,9,456,47,27.0,12.19658976964179,2.1217602796453403,-3.7648764775368404,-3.99054368019967,0.4444444444444444,0.3453689167974882,0.6469318496629421
MA2504.1,BCL11A,8,1428,5,70.0,43.93548387115843,1.580043072498679,-3.7571003900396915,-3.3623293285434297,0.5285714285714286,0.3471350078492936,0.6490469229328993
MA0843.2,TEF,10,650,7,29.0,13.565617263018181,2.0596449472944354,-3.7442484041676622,-3.2847094564128483,0.6206896551724138,0.3500784929356358,0.6533516195996574
MA0035.5,GATA1,7,1158,8,45.0,24.892519347433705,1.7765749011426042,-3.738209157626999,-3.2350864126328633,0.5111111111111111,0.3510596546310832,0.6535213678396682
MA1102.3,CTCFL,8,8613,200,308.0,249.3428500964565,1.2343072705329634,-3.735773835764289,-8.926308940928987,0.43506493506493504,0.3514521193092622,0.6535213678396682
MA1504.2,HOXC4,6,1098,-2,45.0,24.919148936905543,1.7747496305521784,-3.728377610295815,-8.071599928171281,0.6222222222222222,0.3543956043956044,0.6575841840296079
MA0893.3,GSX2,7,597,-6,21.0,8.428235295144734,2.3334165208338997,-3.7248544236723657,-4.4555678758069455,0.5238095238095238,0.35518053375196235,0.6575841840296079
MA1519.2,LHX5,7,606,163,39.0,20.5769828926932,1.8538273028684444,-3.720745734569846,-10.266286967266986,0.48717948717948717,0.3555729984301413,0.6575841840296079
MA2678.1,IRX1,6,815,128,44.0,24.236488081307556,1.7831324174353365,-3.708929205671853,-14.554371808889199,0.6363636363636364,0.3596938775510204,0.6624599064861142
MA1578.2,VEZF1,6,19285,205,673.0,584.9033315949238,1.1503604155403295,-3.704618991035133,-4.087833677827998,0.4725111441307578,0.3604788069073783,0.6624599064861142
MA0135.2,Lhx3,12,389,135,32.0,15.690756302159869,1.9771422817868134,-3.7028860416843026,-2.498150878987556,0.5,0.3604788069073783,0.6624599064861142
MA2572.1,ZNF827,5,4950,177,221.0,172.18496293676904,1.2818664867633667,-3.6979522003438565,-9.362234709960473,0.4660633484162896,0.36145996860282575,0.6624599064861142
MA0610.2,DMRT3,7,757,102,44.0,24.26821139508573,1.7808937600051817,-3.6971047272659567,-5.650929272637763,0.6136363636363636,0.36145996860282575,0.6624599064861142
MA2100.1,ZSCAN16,18,1705,-19,85.0,56.18194842420613,1.503971137219848,-3.68875858118223,-2.8742550664249333,0.5176470588235295,0.36342229199372056,0.6648605305953343
MA0113.4,NR3C1,15,1788,168,92.0,61.91753484962167,1.4781252988102287,-3.678083747812112,-3.108323581307063,0.4782608695652174,0.36695447409733123,0.6685413511898973
MA1418.2,IRF3,17,1262,-44,69.0,43.44879412797633,1.5748458731739046,-3.675466322249897,-3.4161612244480923,0.5217391304347826,0.3673469387755102,0.6685413511898973
MA0147.4,MYC,8,4116,211,161.0,120.03562791825664,1.3384488748173333,-3.674119397025367,-5.007844047918032,0.5279503105590062,0.36813186813186816,0.6685413511898973
MA0107.1,RELA,10,3200,-33,166.0,124.37021061789602,1.3320548731387511,-3.670561725723768,-3.291700527815885,0.4578313253012048,0.36911302982731553,0.6685413511898973
MA0678.1,OLIG2,10,429,5,26.0,11.712249335801339,2.123935684927156,-3.668481495367964,-2.861915384800021,0.5,0.36911302982731553,0.6685413511898973
MA1480.2,DPRX,9,879,153,53.0,31.094909404596695,1.6825098123587794,-3.6628103136012675,-4.9614779491378505,0.4716981132075472,0.37009419152276296,0.6685413511898973
MA0724.1,VENTX,9,696,173,46.0,25.84353741479979,1.7508869741618793,-3.6610839025075923,-4.182597167033051,0.5434782608695652,0.37029042386185246,0.6685413511898973
MA2591.1,ZNF850,15,3839,209,158.0,117.56543513970351,1.3410316405675329,-3.6563683623900656,-5.320905389604217,0.5,0.3706828885400314,0.6685413511898973
MA0496.4,MAFK,10,1481,-11,88.0,58.775484077268864,1.4889047135938545,-3.6514874398953205,-3.191751679721832,0.4772727272727273,0.37244897959183676,0.6705397706785895
MA1419.2,IRF4,14,1269,-39,58.0,35.01061120599362,1.6384059593573357,-3.634915488852044,-2.9229414026197538,0.6896551724137931,0.37755102040816324,0.6778985827127931
MA1608.2,Isl1,7,678,225,45.0,25.199776993007116,1.7557401352033526,-3.6260882698015093,-3.280183278250324,0.4444444444444444,0.37794348508634223,0.6778985827127931
MA2686.1,ZEB2,6,4551,100,198.0,152.52618349394697,1.2961958375513576,-3.6243419394701677,-3.8702684274040577,0.5707070707070707,0.37853218210361067,0.6778985827127931
MA0102.5,CEBPA,10,700,27,34.0,17.29323308323514,1.9132757911490124,-3.606771265740059,-4.202512145591118,0.5,0.3834379905808477,0.6854794954419013
MA2489.1,ZFP28,18,674,46,25.0,11.178357804126296,2.1349348096169933,-3.599809156139887,-2.6832310251810894,0.48,0.38540031397174257,0.6877809455993095
MA0853.2,Alx4,12,624,78,35.0,18.03750000040123,1.8910045961518724,-3.5899526263702572,-4.986033945386918,0.42857142857142855,0.3879513343799058,0.6911230939390279
MA1495.2,HOXA1,6,1178,210,76.0,49.36846472990544,1.5287343065329233,-3.5838031612855588,-6.192815180877724,0.5,0.3897174254317112,0.6914305573944127
MA0088.3,ZNF143,23,2989,2,133.0,96.64251648218709,1.3723529956793525,-3.5799061332298536,-3.1141446389604894,0.6240601503759399,0.39050235478806905,0.6914305573944127
MA1731.2,ZNF768,9,2827,-48,146.0,107.74214624036637,1.3518217644432686,-3.578947979652341,-3.407617584891443,0.541095890410959,0.39069858712715855,0.6914305573944127
MA0780.1,PAX3,10,469,175,38.0,20.217242850536397,1.8381276151068815,-3.5748759372684553,-4.533950232704048,0.5,0.3924646781789639,0.6914305573944127
MA1545.2,OVOL2,7,8475,60,307.0,249.9435403527909,1.22736771612848,-3.5748627481527877,-6.280680106611953,0.49185667752442996,0.3924646781789639,0.6914305573944127
MA0797.1,TGIF2,12,1251,-42,64.0,39.891983867025615,1.5895535959167428,-3.572714456875258,-3.5715534592304206,0.53125,0.3936420722135008,0.6914305573944127
MA0827.1,OLIG3,10,494,216,34.0,17.370689655146354,1.9052088221519283,-3.5726796965840117,-3.44391898634286,0.5294117647058824,0.3936420722135008,0.6914305573944127
MA0770.1,HSF2,13,1127,175,58.0,35.21875000022868,1.628990509049249,-3.5725737461740388,-4.856646442770981,0.5,0.3936420722135008,0.6914305573944127
MA0485.3,HOXC9,9,732,10,32.0,15.977881258048443,1.9437054305204426,-3.5689126314967567,-7.66920960089997,0.46875,0.3942307692307692,0.6914305573944127
MA0836.3,CEBPD,8,1006,11,45.0,25.37774903032003,1.7438940656810815,-3.562447697365637,-4.010265283824585,0.5111111111111111,0.3967817896389325,0.6923298692501237
MA0031.2,FOXD1,7,1687,48,70.0,44.665987780548306,1.5547676389087737,-3.562292101470219,-3.906081342872349,0.5,0.3967817896389325,0.6923298692501237
MA0852.3,FOXK1,7,948,-48,34.0,17.394495414095758,1.9027431420151593,-3.5622598031365604,-2.8451408037804677,0.4411764705882353,0.3967817896389325,0.6923298692501237
MA1532.2,NR1D2,15,1328,80,68.0,43.13868897110896,1.5632544057927058,-3.5469420713285644,-2.925689704597916,0.5294117647058824,0.4009026687598116,0.6961218749666273
MA0799.3,RFX4,13,3449,195,139.0,101.9763464551638,1.359535512953515,-3.542048355149328,-4.253411674355559,0.5035971223021583,0.40149136577708006,0.6961218749666273
MA2330.2,ZBTB24,12,3473,149,152.0,113.12916588225919,1.3405863331888515,-3.5409693567314466,-3.031051075482014,0.48026315789473684,0.40168759811616955,0.6961218749666273
MA1149.2,RARA::RXRG,17,3640,141,160.0,120.0287912187823,1.3302619845963943,-3.5407906802672247,-3.9624832915659685,0.4875,0.40168759811616955,0.6961218749666273
MA1576.2,THRB,18,2020,181,101.0,70.01907289164811,1.4362338995275066,-3.5298379107992535,-3.5971475966230493,0.5247524752475248,0.40384615384615385,0.697670824718524
MA0891.2,GSC2,6,1240,154,65.0,40.841350073430924,1.5773869601284618,-3.5277212081279967,-4.914986623526567,0.5230769230769231,0.4042386185243328,0.697670824718524
MA0148.5,FOXA1,8,684,-6,31.0,15.388673390827801,1.9525680472654572,-3.520026191410843,-2.858090577824544,0.41935483870967744,0.4054160125588697,0.697670824718524
MA0601.2,Arid3b,7,720,227,53.0,31.545293072210082,1.6592261092928904,-3.519587473339793,-6.224756511966978,0.4528301886792453,0.4054160125588697,0.697670824718524
MA2573.1,ZNF836,15,4783,12,226.0,178.00774607118012,1.2681015485762073,-3.5182212722547574,-3.5767322671363715,0.5176991150442478,0.40600470957613816,0.697670824718524
MA1581.2,ZBTB6,9,3239,208,145.0,107.30651800347907,1.348025979334966,-3.510059727880675,-6.0035759850269335,0.46206896551724136,0.4085557299843014,0.6993602234090389
MA1580.1,ZBTB32,10,653,153,38.0,20.387089202018164,1.8235300573918127,-3.5069798503244276,-4.2373165775783095,0.5526315789473685,0.4097331240188383,0.6993602234090389
MA2495.1,ZNF490,10,1254,7,61.0,37.77780602536503,1.5988527035140938,-3.506889109805448,-4.239602448806681,0.5245901639344263,0.4097331240188383,0.6993602234090389
MA2506.1,MYT1,7,1150,-27,43.0,24.04942965899768,1.756527018737743,-3.5067145659865515,-7.141273824742094,0.5348837209302325,0.4097331240188383,0.6993602234090389
MA2582.1,ZNF121,10,707,155,40.0,21.860401040923666,1.7934943453793148,-3.4999107651795844,-2.799274386185069,0.475,0.41169544740973313,0.7015345500175887
MA0607.2,BHLHA15,10,732,28,38.0,20.411801319728642,1.8214254568141237,-3.4971949887388956,-5.252805729497212,0.5,0.41267660910518056,0.7020324952891135
MA2557.1,ZGLP1,4,19776,214,774.0,682.6135046686384,1.133681524292968,-3.491077070328136,-12.263966499477156,0.5,0.41483516483516486,0.7043542682656065
MA0715.1,PROP1,11,368,54,20.0,8.16382252634385,2.2916201115451442,-3.486966414749374,-2.772975034980379,0.25,0.4154238618524333,0.7043542682656065
MA1623.2,Stat2,10,879,3,33.0,16.907860366627837,1.8986076116251522,-3.4665298745418918,-2.786641408156608,0.3939393939393939,0.4207221350078493,0.711449767120297
MA0104.5,MYCN,8,5204,-49,226.0,178.43726100035073,1.2650661224680435,-3.4648158556936774,-10.5384848491382,0.5,0.42131083202511777,0.711449767120297
MA1726.2,ZNF331,10,4831,-3,225.0,177.56474912371309,1.2656473414213623,-3.4630158678842906,-6.816797815169134,0.5511111111111111,0.4217032967032967,0.711449767120297
MA1985.1,ZNF669,15,9773,184,367.0,305.6667614446793,1.1999996291296304,-3.4438821862918236,-4.289007643045738,0.547683923705722,0.42660910518053374,0.7151305766717448
MA1476.3,Dlx5,8,723,206,46.0,26.478333799125476,1.7104384983304854,-3.4399790773712344,-2.9061756316830407,0.5217391304347826,0.42700156985871274,0.7151305766717448
MA0711.2,OTX1,6,1240,97,60.0,37.241651847740314,1.5951193803780332,-3.4374117727354037,-5.184375827552732,0.3333333333333333,0.4271978021978022,0.7151305766717448
MA2524.1,ZNF696,21,1150,199,72.0,46.75324675294732,1.5286918683805402,-3.436783607604543,-2.6891342043619617,0.5555555555555556,0.4273940345368917,0.7151305766717448
MA2470.1,ZBTB48,7,1941,113,87.0,58.915859396816,1.4687263253154041,-3.4365859056881134,-5.331166195435413,0.4827586206896552,0.4273940345368917,0.7151305766717448
MA0504.2,NR2C2,14,5282,140,207.0,161.91602266896115,1.2767313895370973,-3.4274877497113883,-3.262193855133452,0.4830917874396135,0.43112244897959184,0.7201865172298427
MA0117.3,Mafb,11,1078,45,49.0,28.817018072745306,1.6768947142203752,-3.4168265340968955,-3.6338607787180464,0.40816326530612246,0.4336734693877551,0.7227849676455949
MA1531.2,NR1D1,14,1607,114,74.0,48.45226130666212,1.5166141652231409,-3.413959243267096,-3.7752270082925636,0.40540540540540543,0.434458398744113,0.7227849676455949
MA1553.2,RARG,13,1345,93,65.0,41.27570850215082,1.5611802223643911,-3.410910433677745,-3.0565473337877065,0.46153846153846156,0.43543956043956045,0.7227849676455949
MA1561.2,SOX12,10,1091,21,49.0,28.844479005154792,1.6753517456734262,-3.407974600015916,-2.721266792953871,0.40816326530612246,0.4360282574568289,0.7227849676455949
MA1559.2,SNAI3,9,1864,210,90.0,61.51967078194866,1.4555418936446876,-3.406201552142845,-3.023406248462456,0.45555555555555555,0.4362244897959184,0.7227849676455949
MA1657.2,ZNF652,9,856,29,39.0,21.381567614790864,1.7871849143205676,-3.403777059508462,-3.5850910633405144,0.41025641025641024,0.43740188383045525,0.7235592851026524
MA1725.2,ZNF189,9,2494,7,112.0,79.88325450527535,1.3970753364360473,-3.39894266033735,-3.643650883527845,0.4732142857142857,0.4381868131868132,0.7236829216164711
MA0606.3,Nfat5,8,930,66,47.0,27.363259147733416,1.692330199078543,-3.3961730596655935,-4.626537958914846,0.3617021276595745,0.4391679748822606,0.7241297191019799
MA0912.2,HOXD3,8,611,110,33.0,17.083151779631308,1.880203208729204,-3.390763314411987,-2.715139114797564,0.45454545454545453,0.440541601255887,0.7252211497249578
MA0067.3,PAX2,16,4665,-11,213.0,167.6247946416815,1.2690897590401125,-3.3760940400231663,-6.7589821558479874,0.596244131455399,0.44368131868131866,0.7284743850545412
MA0689.1,TBX20,11,1180,172,60.0,37.47087561084808,1.585615066759726,-3.3732799022237385,-3.4060788155200465,0.5333333333333333,0.44407378335949765,0.7284743850545412
MA2601.1,USF3,8,5108,-19,210.0,165.01152263382514,1.2709961131156349,-3.3706939375619402,-7.24706049560708,0.5,0.4446624803767661,0.7284743850545412
MA1527.2,NFIC,15,2857,95,136.0,100.48978243817156,1.34988958207159,-3.3626917894635344,-3.6496831004201153,0.5073529411764706,0.4476059654631083,0.7321195486467214
MA1969.2,THRA,18,1745,185,90.0,61.78297383843667,1.4494375534707222,-3.350138461121885,-2.9208186007412498,0.5111111111111111,0.451138147566719,0.7367143787988568
MA0703.3,LMX1B,8,519,110,34.0,17.904366812202625,1.8514240835301485,-3.345469765245319,-4.8409506049484134,0.4411764705882353,0.4532967032967033,0.7390549450549451
MA2522.1,ZNF683,14,1695,184,83.0,56.08291589781891,1.471543607729569,-3.3386448137078295,-2.5188635310427734,0.37349397590361444,0.45584772370486654,0.7420268857112763
MA0041.3,FOXD3,14,383,160,33.0,17.225688816404467,1.8654987661918976,-3.330244346542647,-4.675619287451858,0.21212121212121213,0.45918367346938777,0.7453951019408254
MA2685.1,TLX3,8,666,28,26.0,12.3516320486057,2.022224691461565,-3.328957832045283,-6.403035032024458,0.6153846153846154,0.45937990580847726,0.7453951019408254
MA0674.2,NKX6-1,7,768,-49,20.0,8.418535128352003,2.2296460876155857,-3.3227105656147935,-5.604898835142574,0.75,0.46134222919937207,0.7465201465201465
MA0075.4,PRRX2,7,898,84,38.0,20.863504357162352,1.7837945538325304,-3.3224494776036604,-4.458935922272178,0.5789473684210527,0.46153846153846156,0.7465201465201465
MA0735.2,GLIS1,15,7168,149,285.0,232.6289212766199,1.2241635086838072,-3.3087773223356454,-3.3803985970682042,0.41754385964912283,0.4654631083202512,0.750485612940405
MA1573.2,Thap11,14,2083,79,110.0,78.68649606715928,1.3929587254840505,-3.3083765398446823,-2.774148185858924,0.5181818181818182,0.4654631083202512,0.750485612940405
MA2002.2,Zfp335,7,3094,16,157.0,118.99659464861796,1.316704031999126,-3.303669374852132,-5.0165121066235505,0.5159235668789809,0.46703296703296704,0.7509567100317438
MA0033.2,FOXL1,7,948,-9,36.0,19.459706032376793,1.808432630529918,-3.3007030130393327,-3.3464285596872014,0.3611111111111111,0.46722919937205654,0.7509567100317438
MA2487.1,ZBTB21,6,2470,123,115.0,82.96886928494564,1.3814643568244054,-3.2979327793907007,-2.978365889372906,0.45217391304347826,0.4682103610675039,0.7513485951618685
MA2689.1,ZNF470,16,984,-7,46.0,26.91488058831787,1.6836898102178908,-3.2944575203149484,-2.8321353598384262,0.5434782608695652,0.46938775510204084,0.752053651649339
MA2597.1,LEUTX,8,432,229,29.0,14.516376010222608,1.9334411579247106,-3.2803320671267198,-3.328354062838683,0.5517241379310345,0.47370486656200944,0.7577790565568094
MA0693.4,Vdr,7,963,-41,44.0,25.459647495859194,1.7007029291317006,-3.275390037779344,-2.711134032042615,0.4090909090909091,0.4760596546310832,0.7603523323966673
MA0682.3,PITX1,6,1240,96,60.0,37.837670384330536,1.570640035727042,-3.2726230925867377,-3.8899321560937326,0.3333333333333333,0.4770408163265306,0.7605983802579263
MA0661.2,MEOX1,7,709,163,44.0,25.47305389208979,1.6998416647897998,-3.270884367018216,-2.8184033687679477,0.4772727272727273,0.47802197802197804,0.7605983802579263
MA0730.1,RARA,17,2451,185,112.0,80.59381044498627,1.384908970223777,-3.2684078400498535,-3.443183332324487,0.5178571428571429,0.4786106750392465,0.7605983802579263
MA0112.4,ESR1,15,1814,156,89.0,61.35843358335891,1.4432690949443217,-3.2656505045980153,-4.365206445698619,0.4943820224719101,0.4791993720565149,0.7605983802579263
MA0801.1,MGA,8,1163,222,68.0,44.27020280797284,1.524181375830902,-3.25627945130722,-3.0191104660854515,0.38235294117647056,0.48194662480376765,0.7637692234448511
MA0499.3,MYOD1,9,2421,198,100.0,70.59694378258777,1.410674739227668,-3.249103381738498,-7.132665610352723,0.51,0.4850863422291994,0.7675512154216679
MA0649.2,HEY2,9,4188,-18,199.0,156.2979238516374,1.271472598637977,-3.2410153457389783,-8.330694987833251,0.46733668341708545,0.48822605965463106,0.7696020359710836
MA0716.2,PRRX1,6,1178,210,76.0,50.8056886685411,1.4863232586802402,-3.2400175584843294,-27.218659251412692,0.5,0.48842229199372056,0.7696020359710836
MA0115.1,NR1H2::RXRA,17,1410,73,66.0,42.73387969722648,1.5319930558150097,-3.23957011376332,-2.8720406187195695,0.4696969696969697,0.48881475667189955,0.7696020359710836
MA1976.3,ZNF320,10,4532,88,194.0,151.89918760988925,1.27535013787992,-3.238205227079202,-2.7971769179067274,0.4948453608247423,0.489403453689168,0.7696020359710836
MA2331.1,ZNF157,21,849,151,49.0,29.3925723878011,1.6451387977961642,-3.23517795387915,-2.179388532039371,0.46938775510204084,0.49077708006279436,0.7705729500523689
MA0594.3,HOXA9,7,1181,174,52.0,31.718682611739798,1.6198696209419834,-3.232302253902607,-2.9971619863469203,0.5192307692307693,0.49195447409733123,0.7706628734443086
MA0523.2,TCF7L2,9,917,132,49.0,29.425956738906017,1.6433336979035547,-3.2248881554779656,-3.0208313983290136,0.4489795918367347,0.4923469387755102,0.7706628734443086
MA1558.2,SNAI1,7,2261,212,102.0,72.45836089682523,1.402154890777743,-3.213865178937915,-4.359544406472392,0.5098039215686274,0.49607535321821034,0.7753079523456385
MA0881.2,Dlx4,6,950,129,48.0,28.74903623766751,1.647112182342142,-3.1965446106165927,-14.961871417464849,0.5,0.500392464678179,0.7808574601945856
MA2590.1,ZNF841,15,2367,21,110.0,79.34401761691359,1.3815589920989073,-3.188478539605592,-2.978261871607791,0.4636363636363636,0.5033359497645212,0.7825474709552318
MA0725.2,VSX1,7,628,209,37.0,20.49526656707882,1.7678310655704585,-3.18483607385462,-7.022803018479674,0.4594594594594595,0.5039246467817896,0.7825474709552318
MA2462.1,ZNF250,14,616,1,24.0,11.289243029051788,2.0342994227471918,-3.1804327941681247,-2.692072658286621,0.5833333333333334,0.5051020408163265,0.7825474709552318
MA0651.3,HOXC11,11,737,5,31.0,16.15645645726265,1.8651870262203125,-3.1792920846740755,-2.488519407292883,0.45161290322580644,0.5051020408163265,0.7825474709552318
MA2574.1,ZNF878,16,1062,58,50.0,30.357811730239533,1.6263889980185944,-3.176165984386313,-2.8001665455371914,0.48,0.5054945054945055,0.7825474709552318
MA2584.1,DNTTIP1,11,706,114,39.0,22.006524103058734,1.7386372587540058,-3.173839647461336,-2.4179753365656795,0.5641025641025641,0.506083202511774,0.7825474709552318
MA1998.2,Prdm14,8,1067,94,48.0,28.84433430977908,1.641852670975616,-3.1671100588873347,-5.431228332140518,0.5416666666666666,0.5092229199372057,0.7859274397528125
MA1546.2,PAX3,14,1461,-1,61.0,39.032807309441814,1.5487297585892055,-3.165426656196792,-3.706945593776413,0.5245901639344263,0.5098116169544741,0.7859274397528125
MA1606.2,Foxf1,7,948,-34,47.0,28.090698273955503,1.6500119573607392,-3.162528656409785,-2.926376499197914,0.6382978723404256,0.5105965463108321,0.7859484602579122
MA1542.2,OSR1,8,2141,23,107.0,76.97704529035673,1.385022984621298,-3.157416558792824,-4.607759933655374,0.42990654205607476,0.5121664050235479,0.7862914570369389
MA0029.2,Mecom,11,667,-47,28.0,14.087235997118059,1.9221545951517915,-3.1571909208892768,-3.737534842303542,0.6071428571428571,0.5123626373626373,0.7862914570369389
MA1983.2,ZNF582,19,1408,207,70.0,46.31300690913484,1.500644423981682,-3.151637497838542,-2.7801076544152163,0.45714285714285713,0.5145211930926217,0.7872328765185908
MA0676.1,Nr2e1,9,774,114,39.0,22.070581592686445,1.7338097801869161,-3.151036746420878,-2.6722901520289475,0.48717948717948717,0.5145211930926217,0.7872328765185908
MA0037.5,Gata3,8,768,-16,39.0,22.12193951060928,1.7299586819542705,-3.1328549785889304,-2.800812462389922,0.6923076923076923,0.5223704866562009,0.796256274155057
MA0131.3,HINFP,8,17630,-17,714.0,632.0656356370074,1.1294247543235356,-3.1322209450758263,-6.44488737821398,0.5336134453781513,0.5225667189952904,0.796256274155057
MA0467.3,Crx,6,1240,96,60.0,38.36981132091789,1.549410524291479,-3.130799962546395,-4.548703619426555,0.6666666666666666,0.5227629513343799,0.796256274155057
MA1111.2,NR2F2,7,1679,191,76.0,51.31299734767663,1.4719095426372046,-3.124846116003901,-5.009532899657431,0.5263157894736842,0.5237441130298273,0.7965600763841701
MA2682.1,MYT1L,6,2113,-27,73.0,48.89235412587303,1.4831931925542334,-3.118295065325525,-3.027129137106161,0.5068493150684932,0.5259026687598116,0.7986509977142295
MA1973.2,ZKSCAN3,14,4281,171,166.0,128.19373850262377,1.2926323050602675,-3.111911188701951,-5.921028989487054,0.4397590361445783,0.5284536891679749,0.8010314881467504
MA0111.1,Spz1,11,1604,119,81.0,55.49395101799549,1.4514828317438773,-3.108656363267865,-2.890160620827404,0.49382716049382713,0.5290423861852434,0.8010314881467504
MA0642.3,EN2,7,673,77,32.0,17.066507177443167,1.8265843904350232,-3.099624476558115,-6.86650298370395,0.40625,0.5323783359497645,0.8042865864294435
MA1990.2,Gli1,10,3238,215,133.0,99.5576283630612,1.3325692160936395,-3.0980616989759917,-3.1878733097721916,0.39849624060150374,0.5327708006279435,0.8042865864294435
MA1987.2,ZNF701,17,6595,24,318.0,264.7645698079934,1.2003104861963638,-3.0901317922043128,-2.619119776918215,0.5188679245283019,0.5345368916797488,0.8057590127539409
MA0481.4,FOXP1,7,756,-49,29.0,14.951399117013315,1.8807127688255785,-3.0861697333599514,-7.736153778046287,0.5862068965517241,0.5366954474097331,0.8069212708909295
MA0666.3,MSX1,6,950,129,48.0,29.112054642959563,1.6272552830086136,-3.0855972973857195,-4.712288548721723,0.5,0.5368916797488226,0.8069212708909295
MA1977.2,ZNF324,14,1520,178,77.0,52.33176838812817,1.4625429149910405,-3.0806793285246594,-4.0645394932629655,0.6623376623376623,0.5388540031397174,0.8086648120786775
MA0870.1,Sox1,15,612,-5,29.0,14.968793927983953,1.8786641079654458,-3.078626887412457,-2.947807809954785,0.5172413793103449,0.5396389324960753,0.8086648120786775
MA0497.2,MEF2C,11,357,227,28.0,14.27999999978844,1.897905759188581,-3.070532610718252,-4.100714604398922,0.4642857142857143,0.542778649921507,0.812175395403841
MA0486.2,HSF1,13,1134,168,56.0,35.499130435025265,1.5616810406338257,-3.050347557920022,-2.6372863496240284,0.42857142857142855,0.5496467817896389,0.8209223322170404
MA0517.2,STAT1::STAT2,13,1162,0,49.0,30.01854714130595,1.6119388110675672,-3.046609280718799,-3.312462405247636,0.5918367346938775,0.5502354788069074,0.8209223322170404
MA2488.1,ZBTB40,11,506,3,16.0,6.340339532425747,2.315969162584778,-3.045068114601553,-5.898384373522541,0.5,0.5514128728414442,0.8211527002715742
MA2525.1,ZNF699,14,2312,114,111.0,81.01560235313057,1.3655938234504097,-3.0433944069022156,-3.74968370786477,0.6306306306306306,0.5520015698587127,0.8211527002715742
MA0855.1,RXRB,14,1944,105,89.0,62.48651130771512,1.4176239668262078,-3.035944264893877,-3.1227313226418723,0.5393258426966292,0.5547488226059655,0.8224145608371368
MA0670.2,NFIA,6,1891,79,87.0,60.82993780834691,1.4232587500374323,-3.0335746701747883,-4.026656905712811,0.41379310344827586,0.5555337519623234,0.8224145608371368
MA0619.2,LIN54,7,1463,-4,37.0,20.919923738913138,1.7335826735811521,-3.030145964251287,-7.9209315063912245,0.6216216216216216,0.5561224489795918,0.8224145608371368
MA1723.2,PRDM9,20,8581,44,371.0,313.96877157355505,1.181069469654157,-3.029495698370588,-2.7001820610772937,0.49865229110512127,0.5561224489795918,0.8224145608371368
MA0767.2,GCM2,8,4433,106,176.0,137.62764827850557,1.2768015774487038,-3.0269465899001,-4.7915974598925475,0.5397727272727273,0.5574960753532182,0.8224145608371368
MA1656.2,ZNF449,10,4305,134,187.0,147.36654804271168,1.2671319949149094,-3.0260045234271025,-3.9239301105462117,0.5133689839572193,0.5576923076923077,0.8224145608371368
MA2003.2,NKX2-4,8,1567,12,69.0,46.07040618983513,1.4871339694348447,-3.0179492237233045,-3.5659101882575768,0.463768115942029,0.5610282574568289,0.8261384311394634
MA2509.1,ZBTB5,10,1008,190,54.0,34.048423290441946,1.5692574682810068,-3.0150191941158977,-3.519508775035318,0.5185185185185185,0.5620094191522763,0.826389030470663
MA1113.3,PBX2,9,577,202,39.0,22.477311643495984,1.7037725872281193,-3.0094580052476956,-2.9116564788382617,0.358974358974359,0.5637755102040817,0.8267718262089937
MA0158.2,HOXA5,8,726,1,32.0,17.30444203742952,1.8028410771833703,-3.0046714696872234,-3.0994475250294755,0.53125,0.5653453689167975,0.8267718262089937
MA0623.2,NEUROG1,10,613,23,36.0,20.25149335611811,1.74105411699682,-3.002975073578398,-3.141076186437176,0.5,0.5663265306122449,0.8267718262089937
MA0471.3,E2F6,8,10366,-20,451.0,388.17346499146845,1.1614358137441587,-3.0029428316614526,-9.747809405469729,0.49223946784922396,0.5663265306122449,0.8267718262089937
MA1541.2,NR6A1,14,1234,190,65.0,42.89264143966841,1.5036689029234829,-3.0022107007157155,-2.7220044340181597,0.5846153846153846,0.5663265306122449,0.8267718262089937
MA2585.1,ZNF500,10,2375,159,112.0,82.17000568342132,1.3586628865954837,-2.9917364333433625,-2.921208750007547,0.42857142857142855,0.5692700156985872,0.8269180950019154
MA2595.1,ZNF700,10,451,227,32.0,17.339978639894642,1.7993477881274988,-2.990711473942504,-2.762912921510936,0.40625,0.5694662480376766,0.8269180950019154
MA2599.1,TIGD3,8,758,-13,41.0,24.052263182578784,1.6764952409252425,-2.9887076962799615,-5.196558694502795,0.7073170731707317,0.570447409733124,0.8269180950019154
MA2596.1,ZXDA,8,6283,-38,277.0,228.56873574252398,1.21096628903247,-2.983502495140634,-7.0437941656910095,0.5306859205776173,0.5724097331240189,0.8269180950019154
MA0667.1,MYF6,10,1279,181,73.0,49.492013831448695,1.4655783040665626,-2.982964269873665,-3.017405272946248,0.4383561643835616,0.5726059654631083,0.8269180950019154
MA0056.3,MZF1,8,2455,234,118.0,87.38650423517139,1.346359390833863,-2.9787851280887407,-3.347647830141965,0.4406779661016949,0.5733908948194663,0.8269180950019154
MA2530.1,ZNF773,14,1717,135,85.0,59.43881007835179,1.4229267566404953,-2.9781673771929764,-2.95301958095675,0.5176470588235295,0.5735871271585558,0.8269180950019154
MA0708.3,MSX2,6,950,130,49.0,30.253823112182744,1.5998042806004746,-2.9780758641138996,-20.376797259993946,0.46938775510204084,0.5735871271585558,0.8269180950019154
MA1544.2,OVOL1,10,1437,136,71.0,47.89243405472017,1.4726204860125793,-2.9743628062692915,-3.5833040279475874,0.5211267605633803,0.5749607535321821,0.8269180950019154
MA0914.2,ISL2,6,1329,-30,51.0,31.83607327475302,1.5836241917507758,-2.9735220097242014,-2.98462603756305,0.37254901960784315,0.5749607535321821,0.8269180950019154
MA2327.1,PGR,9,900,29,46.0,27.939464493760507,1.6240798101199638,-2.97270985674495,-3.496000215103184,0.4782608695652174,0.5753532182103611,0.8269180950019154
MA1537.2,NR2F1,13,2641,172,116.0,85.76507955365172,1.348468768793698,-2.9631455508777282,-3.116869647567996,0.5086206896551724,0.5777080062794349,0.8281684504635818
MA0826.1,OLIG1,10,545,215,34.0,18.879675695587988,1.760592100995277,-2.9628511831570763,-3.7529520507145535,0.6176470588235294,0.5782967032967034,0.8281684504635818
MA0705.2,Lhx8,6,1178,210,76.0,52.05342126898999,1.4513672852424866,-2.962320794621336,-17.45651036349525,0.5,0.5786891679748822,0.8281684504635818
MA2542.1,SCAND3,8,1808,134,88.0,62.02861737659913,1.4120569941780663,-2.9614262846539394,-4.0543717818922245,0.5,0.5794740973312402,0.8281684504635818
MA1574.2,THRB,13,2735,-19,106.0,77.28351904486873,1.3668266488974803,-2.9518563129001048,-2.7200302349698857,0.4811320754716981,0.582613814756672,0.8282904693964284
MA2339.1,Nanog,7,854,3,42.0,24.93122216744355,1.6582326788278483,-2.951046520294695,-4.789557076129032,0.5238095238095238,0.5828100470957613,0.8282904693964284
MA2333.1,ZNF35,7,786,162,44.0,26.474981693941015,1.6378536845367118,-2.9483513092028657,-9.109698667394463,0.4318181818181818,0.5841836734693877,0.8282904693964284
MA0731.1,BCL6B,17,1214,37,56.0,35.88913980742096,1.5451702126308013,-2.9469416457867825,-2.8905894726482035,0.5535714285714286,0.5847723704866562,0.8282904693964284
MA0729.1,RARA,18,910,221,47.0,28.80819366865487,1.6102954957138151,-2.945111618486665,-3.160108624212778,0.46808510638297873,0.5849686028257457,0.8282904693964284
MA0883.2,Dmbx1,10,948,221,58.0,37.50832328071534,1.5321363012849414,-2.941080229528157,-3.225951848951499,0.3448275862068966,0.5859497645211931,0.8282904693964284
MA0602.2,Arid5a,8,400,232,32.0,17.46801940841723,1.7868727160292825,-2.940882700370012,-5.119888484139185,0.5625,0.5859497645211931,0.8282904693964284
MA1999.2,Prdm5,11,2018,211,96.0,68.86532602073729,1.3883854198463006,-2.940439534376772,-3.0700346535765535,0.4270833333333333,0.5861459968602826,0.8282904693964284
MA0673.2,NKX2-8,8,1165,24,55.0,35.12205541332348,1.5502993769104463,-2.9394479958783375,-2.822673460329303,0.4727272727272727,0.5869309262166404,0.8282904693964284
MA0866.1,SOX21,15,599,13,29.0,15.304120879564014,1.8400256120281062,-2.936421509919958,-4.0180493161188995,0.5172413793103449,0.5883045525902669,0.8282904693964284
MA0734.4,Gli2,9,2849,220,119.0,88.51052031912819,1.3406245385700912,-2.93569640241128,-5.354990388749063,0.40336134453781514,0.5885007849293563,0.8282904693964284
MA1979.2,ZNF416,10,1957,220,85.0,59.668189492611305,1.417546834992889,-2.9322923291252394,-4.1100870853027285,0.49411764705882355,0.5896781789638933,0.8284875297862311
MA0155.1,INSM1,12,6162,139,242.0,197.4038929442074,1.2247743549484351,-2.9311194565460963,-3.539719279165148,0.5413223140495868,0.5902668759811617,0.8284875297862311
MA0119.1,NFIC::TLX1,14,2069,211,86.0,60.52448192787081,1.4140712326841827,-2.9282091893298703,-3.0193627344913696,0.43023255813953487,0.591248037676609,0.8287231779813818
MA2118.1,FOXS1,8,757,46,39.0,22.72976501329247,1.6856466963576584,-2.9243063327398664,-2.9540496024290483,0.5128205128205128,0.5939952904238619,0.8314302210740594
MA0065.3,Pparg::Rxra,13,3149,98,136.0,103.37339850793508,1.3125949902798697,-2.9125651765356575,-3.4831428110823888,0.5661764705882353,0.597331240188383,0.8343567880260641
MA1570.1,TFAP4,10,717,213,37.0,21.25603182764175,1.707402303082817,-2.9122937965066797,-2.5266438762251244,0.5135135135135135,0.597723704866562,0.8343567880260641
MA2549.1,ZNF234,18,679,-42,37.0,21.27679681690342,1.7058107730805339,-2.905142176450778,-2.841600806740279,0.35135135135135137,0.6006671899529042,0.837216306398727
MA0528.3,ZNF263,7,9457,-28,371.0,315.4542396636812,1.1755254105470392,-2.9043584123415886,-3.082022785233949,0.5040431266846361,0.6014521193092621,0.837216306398727
MA0512.2,Rxra,14,2060,-24,86.0,60.657335407277486,1.4110243237941043,-2.90209814014565,-2.8812905592353704,0.45348837209302323,0.6022370486656201,0.837216306398727
MA0796.1,TGIF1,12,1143,6,59.0,38.49956816783512,1.5190039482218587,-2.8933898295737115,-2.8373257956966635,0.576271186440678,0.6065541601255887,0.8408606045968683
MA1960.2,MGA::EVX1,11,809,156,41.0,24.363153233176412,1.6559455212004819,-2.8882971901057086,-3.2450649843303365,0.5121951219512195,0.6093014128728415,0.8408606045968683
MA2497.1,ZNF623,20,3530,-36,157.0,121.9387801239334,1.2851925148494374,-2.886218755908677,-4.467373806860475,0.5796178343949044,0.6102825745682888,0.8408606045968683
MA2558.1,MSANTD4,9,719,-39,34.0,19.090031378618317,1.742157557665652,-2.8855044523592968,-3.3288779278388274,0.5882352941176471,0.6106750392464678,0.8408606045968683
MA1489.1,FOXN3,8,2507,50,102.0,74.25947867323103,1.3685983721361594,-2.8851871762191896,-2.8468993415265267,0.4803921568627451,0.6106750392464678,0.8408606045968683
MA0482.3,GATA4,8,1524,-42,63.0,41.77103099367512,1.496339894389363,-2.883180588150295,-8.279665826225742,0.38095238095238093,0.6108712715855573,0.8408606045968683
MA0846.2,FOXC2,11,460,48,23.0,11.20404411826784,1.9665612290007355,-2.88081691435681,-3.624760374437993,0.4782608695652174,0.6114599686028257,0.8408606045968683
MA1479.2,DMRTC2,11,454,102,25.0,12.592973084217801,1.9127529966337864,-2.880784238241634,-3.896758810554231,0.48,0.6114599686028257,0.8408606045968683
MA2579.1,ZBTB8B,7,8876,70,340.0,287.292858274087,1.1828249996945919,-2.873719111418737,-3.231496520213698,0.4823529411764706,0.6159733124018838,0.8459256136624252
MA0646.2,GCM1,10,3417,145,148.0,114.14828337879851,1.293983684583824,-2.870477150335897,-3.43259418240232,0.5878378378378378,0.6173469387755102,0.8459266844791916
MA1151.2,RORC,10,1108,133,67.0,45.09519004338335,1.4752081493969442,-2.8672693027985856,-3.770927181242234,0.5373134328358209,0.6183281004709577,0.8459266844791916
MA1639.2,MEIS1,9,652,49,32.0,17.674698795635535,1.7670967741505117,-2.8619804214568925,-3.019755692131262,0.65625,0.6200941915227629,0.8459266844791916
MA0854.2,Alx1,8,588,-9,20.0,9.213943077448132,2.0560130246238533,-2.858138180205934,-3.1240691460487895,0.5,0.6214678178963893,0.8459266844791916
MA0592.4,ESRRA,9,1567,105,71.0,48.42865349282272,1.4566449804353816,-2.855331557880448,-4.286803480817501,0.4507042253521127,0.6222527472527473,0.8459266844791916
MA0644.3,ESX1,7,628,107,33.0,18.44291279618153,1.7487091752362018,-2.8509212751553297,-4.422410413078457,0.48484848484848486,0.6238226059654631,0.8459266844791916
MA0648.2,GSC,6,1240,96,60.0,39.49277499273809,1.5064415815152121,-2.8472636929781103,-8.455400851197414,0.3333333333333333,0.625,0.8459266844791916
MA0684.3,RUNX3,8,1263,147,61.0,40.3064880326389,1.5009748577756072,-2.845994927993145,-4.332403399856743,0.4262295081967213,0.6251962323390895,0.8459266844791916
MA1994.2,Nkx2-1,7,764,76,42.0,25.269325269365115,1.6368901583530941,-2.8449015323158515,-5.849371346102014,0.6666666666666666,0.6255886970172685,0.8459266844791916
MA0850.1,FOXP3,7,948,-14,42.0,25.269579555386297,1.6368743134750061,-2.844822902834125,-3.3637871198845843,0.47619047619047616,0.6255886970172685,0.8459266844791916
MA1996.2,Nr1H2,6,2378,-8,88.0,62.632693959853356,1.3986520837252496,-2.8447666280192263,-4.227898849319269,0.6136363636363636,0.6257849293563579,0.8459266844791916
MA0671.2,NFIX,6,1891,79,87.0,61.81275537399627,1.4009893289354243,-2.8407849857142953,-5.741054067431059,0.41379310344827586,0.6267660910518054,0.8459266844791916
MA0701.3,LHX9,7,898,111,48.0,29.952290479242993,1.5830815503899471,-2.8407278046499314,-3.0256988888639285,0.3958333333333333,0.6267660910518054,0.8459266844791916
MA0032.2,FOXC1,11,411,103,22.0,10.612253829773497,1.9806663148396426,-2.834285052934955,-3.4749424270168827,0.18181818181818182,0.6287284144427001,0.8474527173506764
MA2527.1,ZNF726,11,623,71,34.0,19.262367491355686,1.727340105490223,-2.8234384194743964,-2.73981165772019,0.5,0.6324568288854003,0.8513520589619854
MA1628.2,Zic1::Zic2,7,8783,138,329.0,277.8651021031421,1.1833678632113134,-2.8150351985022204,-6.2624833037133705,0.3799392097264438,0.6357927786499215,0.8547135111401979
MA1539.1,NR2F6,15,2549,227,114.0,85.00319351478099,1.337159648382539,-2.8070601449672017,-3.7293445838522064,0.543859649122807,0.6377551020408163,0.8558529634165385
MA0722.2,VAX1,7,628,109,36.0,20.82461046747055,1.695333809286002,-2.8020995722591606,-8.069052868512776,0.4444444444444444,0.640502354788069,0.8558529634165385
MA1585.2,ZKSCAN1,9,1492,146,77.0,53.6489774093376,1.4272911168265068,-2.8013301249575013,-3.501393730004796,0.6103896103896104,0.640894819466248,0.8558529634165385
MA2567.1,ZNF497,15,596,49,34.0,19.325107604141465,1.7220081035570194,-2.8011291209115665,-3.153955966200756,0.6176470588235294,0.6410910518053375,0.8558529634165385
MA0679.3,ONECUT1,9,419,-18,22.0,10.684582189513572,1.9684058554221602,-2.7985137059052416,-2.5566057415386703,0.3181818181818182,0.6416797488226059,0.8558529634165385
MA0820.2,FIGLA,6,4551,101,196.0,157.2616940581129,1.244773734872714,-2.798219785330702,-7.838212114189285,0.4387755102040816,0.6416797488226059,0.8558529634165385
MA2511.1,ZNF335,8,3708,213,143.0,110.31969839788741,1.2935715966935533,-2.792867847864988,-3.3295504663509505,0.5104895104895105,0.6448194662480377,0.8583171770415337
MA2555.1,ZNF493,14,2293,222,106.0,78.21884468776082,1.3506887208686007,-2.792152652820773,-3.278520572654197,0.5188679245283019,0.6452119309262166,0.8583171770415337
MA1540.3,Nr5a1,12,1256,209,64.0,42.99944781890298,1.4772912666434599,-2.7862686887598422,-2.824238310313831,0.59375,0.6477629513343799,0.8605872847584526
MA1501.2,HOXB7,7,783,206,50.0,31.7519999995848,1.5571568148707418,-2.7796862156424065,-3.729591633769872,0.58,0.6507064364207221,0.8622494911738827
MA0161.3,NFIC,7,1967,200,82.0,57.93425760303074,1.4083489531516837,-2.7793282277043123,-4.854684988043349,0.5,0.6507064364207221,0.8622494911738827
MA0876.2,BSX,6,950,126,46.0,28.623007968390485,1.5866045760832863,-2.772671710207896,-2.8367317877543714,0.4782608695652174,0.652668759811617,0.863726579542906
MA0680.3,Pax7,10,422,175,31.0,17.185520361598293,1.7596417019538932,-2.7687614137591843,-3.260321290526724,0.5806451612903226,0.6540423861852434,0.8644217788881492
MA1108.3,MXI1,6,1765,19,85.0,60.534937292026626,1.3975800380175805,-2.763640358488577,-5.532105544122658,0.5294117647058824,0.6562009419152276,0.8661512432792966
MA1547.2,PITX2,8,982,99,49.0,31.04121550833478,1.560490112711038,-2.757667042421314,-5.298299213425585,0.5102040816326531,0.657967032967033,0.8663248110505106
MA0665.1,MSC,10,1900,19,88.0,63.10655636506186,1.388313536811737,-2.755643088984786,-2.980056903565657,0.5113636363636364,0.658751962323391,0.8663248110505106
MA2536.1,PRDM13,10,4273,101,181.0,144.22834229313946,1.2531989081899588,-2.7550903743118753,-7.990992671653737,0.4143646408839779,0.6591444270015698,0.8663248110505106
MA1538.1,NR2F1,15,2936,227,127.0,96.60845213860297,1.311361846187678,-2.7539438093783524,-3.640932201976761,0.5118110236220472,0.6597331240188383,0.8663248110505106
MA1616.2,Prdm15,11,1828,214,92.0,66.53821424857244,1.3769982081213488,-2.7472202078530636,-3.452472750730126,0.5652173913043478,0.6622841444270016,0.8685553966166211
MA0518.2,Stat4,10,1399,44,68.0,46.499521760033154,1.4526462044941615,-2.7373339869603726,-2.918681976084109,0.5294117647058824,0.668171114599686,0.8745395215457568
MA0511.2,RUNX2,9,1859,140,89.0,64.0572376009062,1.3833971948225843,-2.736180459179316,-4.041077663588753,0.47191011235955055,0.668563579277865,0.8745395215457568
MA1592.2,ZNF274,12,1530,117,72.0,49.85557412280876,1.4354375357894043,-2.7268394536721665,-2.7640176354429284,0.5,0.6711145996860283,0.8767509962564908
MA0744.3,SCRT2,10,1628,80,73.0,50.70297205922098,1.4312523449375372,-2.7232243850622613,-3.9134286933666855,0.5753424657534246,0.6724882260596546,0.8774206176117645
MA1986.2,ZNF692,8,5321,201,197.0,158.83514181401014,1.2387763901783242,-2.720201417513025,-4.022203082859242,0.48223350253807107,0.673861852433281,0.8780885263804518
MA0743.3,SCRT1,10,1529,20,70.0,48.24381498760024,1.4418054331874581,-2.7173536193176355,-2.7811434435751186,0.45714285714285713,0.6760204081632653,0.8796742843526736
MA2675.1,HOMEZ,9,2130,192,98.0,71.82032539503146,1.3595105413626012,-2.7164172683750225,-3.192545076713845,0.45918367346938777,0.6768053375196232,0.8796742843526736
MA1568.2,TCF21,10,824,161,42.0,25.7182751541076,1.6093853271583396,-2.7088311530105686,-3.878553045715394,0.4523809523809524,0.6801412872841445,0.8828840404363608
MA0051.2,IRF2,16,1328,-49,59.0,39.274063189215084,1.4897925674424448,-2.705429339017596,-3.6448633987341466,0.559322033898305,0.6824960753532182,0.88481361423019
MA1109.2,NEUROD1,8,1548,234,68.0,46.66952224067593,1.447465734009874,-2.700524620083707,-5.270474960081458,0.5147058823529411,0.6844583987441131,0.8862301249304335
MA0706.2,MEOX2,7,597,164,37.0,21.908256880561087,1.6587905486709067,-2.694622949958107,-3.3239429899824744,0.4864864864864865,0.6887755102040817,0.8906881280430955
MA1654.2,ZNF16,21,3513,46,151.0,118.1066932761263,1.276166736050818,-2.6914838473063223,-3.5142034733879135,0.5695364238410596,0.690149136577708,0.8909643701687101
MA1154.2,ZNF282,15,2114,188,103.0,76.27015999133755,1.3459270695396388,-2.6880776656407575,-4.977289329065279,0.46601941747572817,0.6907378335949764,0.8909643701687101
MA2518.1,ZNF551,24,684,-29,34.0,19.678982435308573,1.692539761542562,-2.67809841992001,-3.3114573279057042,0.2647058823529412,0.695054945054945,0.8953994804184437
MA0911.2,Hoxa11,9,741,-40,43.0,26.61397058813312,1.5933963520229373,-2.6749242988202733,-3.582469420516382,0.6511627906976745,0.6974097331240189,0.8972986339057768
MA1728.2,ZNF549,8,6752,155,256.0,212.65751413268498,1.2028596375056513,-2.6709908569299623,-10.50923298927669,0.52734375,0.6997645211930926,0.8975625281036265
MA1463.2,ARGFX,8,542,108,30.0,16.712724434240112,1.750154252954702,-2.669355931665124,-6.188570194978627,0.6,0.701138147566719,0.8975625281036265
MA2563.1,TIGD7,12,1077,84,47.0,29.784875184082757,1.5592072312451108,-2.6687469301556788,-2.9102330279533835,0.6170212765957447,0.701138147566719,0.8975625281036265
MA2676.1,HSF5,8,2099,-2,89.0,64.42846630948307,1.375548061516392,-2.668627552475034,-3.5518074303893643,0.5730337078651685,0.701138147566719,0.8975625281036265
MA2547.1,ZNF215,11,4621,102,194.0,156.68370445347134,1.2366528340760778,-2.6588405043974404,-2.897798513407385,0.6288659793814433,0.7042778649921507,0.8992069890651888
MA1509.1,IRF6,9,1650,-38,67.0,46.0520607379686,1.4452076898117128,-2.655690049763941,-2.7292083754042262,0.6417910447761194,0.7054552590266876,0.8992069890651888
MA0149.1,EWSR1-FLI1,18,2842,218,125.0,95.56453821582264,1.3048268269909689,-2.6508871455796634,-2.929725878170975,0.48,0.707221350078493,0.8992069890651888
MA2554.1,ZNF471,14,767,6,28.0,15.294682423259584,1.7797217059354538,-2.6487385484116395,-2.4572009140536784,0.39285714285714285,0.7074175824175825,0.8992069890651888
MA2520.1,ZNF678,9,3921,100,163.0,129.0789801282456,1.2607724925142516,-2.647855674229153,-4.0404162695731936,0.3987730061349693,0.7078100470957613,0.8992069890651888
MA2589.1,ZNF728,12,2534,125,120.0,91.2575660012403,1.3115455484526146,-2.643251908728416,-3.54424336553109,0.49166666666666664,0.7089874411302983,0.8992069890651888
MA1981.2,ZNF530,14,8802,102,341.0,290.94856358027965,1.17143922821856,-2.6432175914513505,-2.742671691271564,0.4809384164222874,0.7089874411302983,0.8992069890651888
MA0889.2,GBX1,7,685,163,45.0,28.305785123499074,1.5696559503916698,-2.6407622232802677,-6.630484039446145,0.4888888888888889,0.7103610675039247,0.8992069890651888
MA0698.2,ZBTB18,11,1161,205,56.0,37.119005328675854,1.4953170868055286,-2.63873467358815,-2.6793513769009474,0.7142857142857143,0.7119309262166404,0.8992069890651888
MA0806.1,TBX4,8,1323,223,74.0,51.962090163707316,1.4161072527193108,-2.6363889052232525,-2.351332245541931,0.527027027027027,0.7138932496075353,0.8992069890651888
MA0690.3,TBX21,10,1251,171,58.0,38.77229601533553,1.4834446564827586,-2.632103559542554,-3.670292535881772,0.5,0.7150706436420722,0.8992069890651888
MA1535.2,NR2C1,6,2378,197,106.0,79.2034455256154,1.3341072730575685,-2.630827953816264,-6.464396568023108,0.4811320754716981,0.7152668759811617,0.8992069890651888
MA0494.2,Nr1h3::Rxra,16,1086,168,55.0,36.343890242403134,1.4995759583829666,-2.6302796657311758,-2.5561220833486624,0.5454545454545454,0.7156593406593407,0.8992069890651888
MA1549.2,POU6F1,7,714,11,29.0,16.08276584662432,1.7561558982515832,-2.6285264657111815,-3.8372382645833967,0.5172413793103449,0.7156593406593407,0.8992069890651888
MA1584.2,ZIC5,15,12760,113,500.0,439.12113520039406,1.1383229750416026,-2.628515739271327,-8.05436613294502,0.452,0.7156593406593407,0.8992069890651888
MA2120.1,ZNF184,13,1698,108,83.0,59.61644985309981,1.3857624490310596,-2.619161410000213,-2.4830276766361394,0.5301204819277109,0.7203689167974883,0.9034901528789059
MA1601.2,ZNF75D,12,2226,224,96.0,70.70517711185882,1.352761458892734,-2.6147053851989495,-5.05148737583249,0.4583333333333333,0.7221350078492935,0.9034901528789059
MA2099.1,ZNF770,8,2991,206,123.0,94.06994175746637,1.304302892246819,-2.6141777564053634,-4.06661087986581,0.4796747967479675,0.722331240188383,0.9034901528789059
MA0894.2,HESX1,6,950,126,46.0,29.20168067246473,1.5562047857439445,-2.611952791033008,-2.8232754481947486,0.5217391304347826,0.722723704866562,0.9034901528789059
MA0505.3,Nr5a2,9,1590,118,75.0,52.93798532075758,1.4090255605218542,-2.608692576485107,-4.666263580090256,0.5066666666666667,0.7240973312401884,0.9034901528789059
MA1965.2,SP5,6,16803,-31,680.0,609.0340584668407,1.1163311138914331,-2.6052645140127386,-2.9415751379970954,0.5014705882352941,0.7252747252747253,0.9034901528789059
MA1534.2,NR1I3,8,806,-42,36.0,21.422579859005893,1.6501223424181128,-2.6047566747820268,-4.5129205334247215,0.5833333333333334,0.7252747252747253,0.9034901528789059
MA1556.1,RXRG,14,2628,-26,123.0,94.16333978431047,1.303022784625344,-2.6005660056814643,-4.055317040120095,0.4634146341463415,0.7276295133437991,0.9046417223052335
MA1524.3,Msgn1,10,974,128,46.0,29.24924924940965,1.5537575697326524,-2.599081859895537,-7.9934163596955585,0.6304347826086957,0.728806907378336,0.9046417223052335
MA0880.2,Dlx3,6,950,130,49.0,31.660636069350623,1.5308948635853719,-2.5936019375581885,-2.552024779830359,0.46938775510204084,0.7309654631083202,0.9046417223052335
MA0845.1,FOXB1,11,391,45,20.0,9.726368159696674,1.9577922077022805,-2.5932598500108743,-2.643964606088369,0.45,0.7309654631083202,0.9046417223052335
MA0042.2,FOXI1,7,756,-48,31.0,17.666820916789902,1.7142715485751272,-2.5932421340248877,-4.37472957840943,0.5161290322580645,0.7309654631083202,0.9046417223052335
MA0618.2,LBX1,7,897,190,50.0,32.47504114081797,1.5235231462587473,-2.590230605178332,-9.74018476183065,0.54,0.7321428571428571,0.9046417223052335
MA2565.1,ZNF70,6,11134,-19,446.0,389.20504802315213,1.1455515561999547,-2.588319456995531,-3.5466271602650434,0.4910313901345291,0.7329277864992151,0.9046417223052335
MA0625.3,NFATC3,6,3382,84,134.0,103.92171982745216,1.286673533583063,-2.5840613292286294,-3.6766962802016154,0.5447761194029851,0.7339089481946625,0.9046417223052335
MA2492.1,ZNF18,9,1214,-4,58.0,38.98825304459053,1.475433296228511,-2.5819362622023436,-3.0207783964420085,0.3793103448275862,0.7348901098901099,0.9046417223052335
MA0896.2,Hmx1,9,625,81,34.0,19.979152189164726,1.6683228990577006,-2.5773745881805668,-3.3515621098047346,0.5882352941176471,0.7358712715855573,0.9046417223052335
MA1104.3,GATA6,8,768,128,44.0,27.75234883149808,1.5650895258582382,-2.575382174117019,-3.8813981073824033,0.5454545454545454,0.7362637362637363,0.9046417223052335
MA2337.1,Nr1h3,6,2378,197,106.0,79.55591884397347,1.3282698718544237,-2.574732826906263,-4.113635373744587,0.4811320754716981,0.7368524332810047,0.9046417223052335
MA2484.1,Dmrtb1,13,624,139,39.0,23.85550872949115,1.609301198994968,-2.568646069930986,-2.9561183898094225,0.5384615384615384,0.7380298273155416,0.9049968640608145
MA0525.2,TP63,18,1113,163,60.0,40.742580729454815,1.4613375343359298,-2.5555288062642276,-2.3051395287537177,0.43333333333333335,0.7421507064364207,0.9089562137724911
MA2469.1,FOXM1,7,756,44,33.0,19.30066104442343,1.6748223087710616,-2.550175630527687,-7.508829868275082,0.5757575757575758,0.743916797488226,0.9100254701566654
MA0709.2,Msx3,6,950,129,48.0,31.042692939300885,1.529209798090993,-2.546467466822083,-4.0775594264953705,0.5,0.7458791208791209,0.9113319234722113
MA0069.1,PAX6,14,1083,2,47.0,30.289606640587678,1.5340557186083714,-2.534317520351707,-3.5399023737235504,0.5531914893617021,0.7505886970172685,0.9159878829468222
MA0465.3,CDX2,8,551,53,32.0,18.609933774853403,1.68282057343392,-2.52741727374676,-5.395129660699993,0.53125,0.7541208791208791,0.9191975787370523
MA2516.1,ZSCAN2,30,1637,68,74.0,52.527619821572586,1.4011458056607564,-2.5248036911682536,-2.5663425915675413,0.5,0.755298273155416,0.9195327841641204
MA1103.3,FOXK2,7,948,36,38.0,23.249819668825324,1.608259382239323,-2.517160754786512,-2.804199698884255,0.6052631578947368,0.7598116169544741,0.9239236726451182
MA0059.2,MAX::MYC,10,2846,46,125.0,96.51829239209984,1.292065282412672,-2.514157933817512,-3.547136677255368,0.48,0.7613814756671899,0.9247291104944774
MA1105.3,GRHL2,8,1318,79,58.0,39.30088018711422,1.4639878763458032,-2.5106235117861666,-4.099229013561519,0.46551724137931033,0.7629513343799058,0.9255326306346714
MA1989.2,Bcl11B,9,1037,20,44.0,27.997923157181482,1.5518352730324938,-2.508271833341323,-4.46884013246817,0.6136363636363636,0.7643249607535322,0.9259465297173135
MA2458.1,ZNF146,15,359,-41,20.0,9.907044299475881,1.9253612090866008,-2.5056197837407668,-2.6659506655177903,0.35,0.7651098901098901,0.9259465297173135
MA0114.5,HNF4A,9,1562,-31,65.0,45.12149532744897,1.4310030395029374,-2.501715482831092,-2.5650663835208785,0.6,0.7688383045525903,0.929354961256334
MA0875.2,BARX1,6,950,129,48.0,31.240887736964844,1.5198092682733573,-2.495694455809002,-5.09450961722714,0.5,0.7717817896389325,0.9305058169035498
MA1629.2,Zic2,9,4038,54,167.0,133.92228546413295,1.245161237982885,-2.4929011407418566,-3.6720864906964548,0.40119760479041916,0.7725667189952904,0.9305058169035498
MA0895.2,HMBOX1,7,880,-46,36.0,21.79150107074084,1.623412160750556,-2.488927381475294,-3.8695138182469253,0.4444444444444444,0.7745290423861853,0.9305058169035498
MA1718.1,ZNF8,20,337,66,23.0,12.067345597890627,1.8366392638971878,-2.4872633530103667,-2.9275390428414108,0.6956521739130435,0.7751177394034537,0.9305058169035498
MA0758.1,E2F7,14,1802,7,69.0,48.53793103501492,1.413058610593201,-2.484913251794948,-5.241504189364154,0.5072463768115942,0.7762951334379906,0.9305058169035498
MA0669.1,NEUROG2,10,907,159,46.0,29.685377441568114,1.5316741692194795,-2.483425902327661,-4.587381846685898,0.4782608695652174,0.7774725274725275,0.9305058169035498
MA1555.1,RXRB,14,2081,228,90.0,66.34019778951541,1.3513473822045756,-2.483233353067896,-3.8809822252786,0.5333333333333333,0.777668759811617,0.9305058169035498
MA0908.2,HOXD11,9,668,-37,35.0,21.041043589098315,1.6333164922284307,-2.482210404256834,-4.10996503221243,0.6285714285714286,0.7782574568288854,0.9305058169035498
MA2097.1,ZNF75A,12,1851,194,88.0,64.63424452348163,1.3559994579987726,-2.4821881023840255,-3.0193711195722845,0.5227272727272727,0.7782574568288854,0.9305058169035498
MA2687.1,ZNF251,20,721,134,36.0,21.818156579977536,1.621515737711553,-2.480727820864476,-3.8301726795254125,0.7222222222222222,0.7794348508634223,0.9305058169035498
MA2544.1,ZKSCAN4,24,420,124,25.0,13.537989255736747,1.7884178852134107,-2.477344202414462,-2.3487699764630006,0.44,0.7808084772370487,0.9305058169035498
MA1491.3,GLI3,15,2929,112,128.0,99.42834641394926,1.2844978993110476,-2.4761302875545668,-4.386017006903093,0.4375,0.7813971742543171,0.9305058169035498
MA0793.2,POU6F2,9,631,-6,27.0,15.014147910587091,1.7484539393750047,-2.4745979712224178,-7.9316733989829515,0.7407407407407407,0.7823783359497645,0.9305058169035498
MA2532.1,ZNF780B,10,1358,35,59.0,40.28575753017358,1.453285674996981,-2.474275507139525,-4.043678324406634,0.576271186440678,0.782574568288854,0.9305058169035498
MA0052.5,MEF2A,10,371,227,30.0,17.26368613078753,1.69735724639631,-2.471031514610538,-2.9160048628817705,0.5,0.7851255886970173,0.9311397502067041
MA1525.3,NFATC4,9,940,28,41.0,25.765765766125433,1.5691686300697927,-2.4691815799720955,-3.660057052414277,0.4878048780487805,0.7864992150706437,0.9311397502067041
MA1478.2,DMRTA2,6,947,-12,42.0,26.56273277486429,1.5600775275524803,-2.4672906415405174,-2.58843522950242,0.5,0.7872841444270016,0.9311397502067041
MA0879.3,DLX1,6,950,126,46.0,29.748964803500012,1.5285067416204596,-2.466912580184501,-2.5199909459611445,0.4782608695652174,0.7872841444270016,0.9311397502067041
MA0781.2,PAX9,16,3657,-2,175.0,141.32123465226695,1.236639075188044,-2.466286079068437,-2.3772546937144496,0.5028571428571429,0.7876766091051806,0.9311397502067041
MA1118.2,SIX1,9,1375,-28,51.0,33.83727584965081,1.4926540245115412,-2.4526675012411157,-4.328397873675409,0.37254901960784315,0.7947409733124019,0.9366703494963294
MA0593.2,FOXP2,9,823,-42,40.0,25.049806309052418,1.5739080557290872,-2.448873845783828,-3.010897234360611,0.4,0.7959183673469388,0.9366703494963294
MA1934.2,ERF::FIGLA,13,5373,-30,210.0,173.08639485467572,1.2120418725204753,-2.447845080628686,-6.029604654654642,0.4666666666666667,0.7965070643642073,0.9366703494963294
MA0885.3,Dlx2,8,822,-11,35.0,21.160396040175385,1.6245197032911458,-2.4450396647523718,-2.8104904589188333,0.5142857142857142,0.7972919937205651,0.9366703494963294
MA0849.1,FOXO6,7,948,27,33.0,19.628668942823474,1.6481916547421394,-2.4425541576511884,-7.266177049625725,0.36363636363636365,0.7980769230769231,0.9366703494963294
MA2523.1,ZNF689,13,532,-8,23.0,12.175124378710965,1.8216146815874026,-2.4417824310614105,-3.113363213664107,0.5217391304347826,0.7982731554160125,0.9366703494963294
MA1602.2,ZSCAN29,11,2423,13,103.0,77.81831761755791,1.3194902294746838,-2.4401578374875417,-4.145585539803893,0.4077669902912621,0.7990580847723705,0.9366703494963294
MA2592.1,MKX,6,1590,5,71.0,50.47166427555693,1.3988278990658487,-2.4343950774080856,-4.333832368615379,0.22535211267605634,0.8004317111459969,0.9366703494963294
MA0092.2,Hand1::Tcf3,9,1431,216,75.0,53.84910581204497,1.3856196719128693,-2.4335200294611306,-3.0908273177839307,0.5333333333333333,0.8006279434850864,0.9366703494963294
MA1550.2,PPARD,14,2198,-27,82.0,59.84382168193925,1.364148367173286,-2.424110584292938,-3.514095890086475,0.3902439024390244,0.804160125588697,0.9378730657098003
MA1963.2,SATB1,7,649,-38,34.0,20.4588441332385,1.6310291357113238,-2.4230649627204324,-4.295324071070891,0.5294117647058824,0.8051412872841445,0.9378730657098003
MA2537.1,SALL3,9,308,213,28.0,15.900813007494698,1.7158937849403988,-2.422100954322513,-13.679732686972171,0.5357142857142857,0.8051412872841445,0.9378730657098003
MA1536.2,NR2C2,6,2378,197,106.0,80.55047537145943,1.3120708311339562,-2.4210578233603965,-3.5392842475659325,0.4811320754716981,0.8053375196232339,0.9378730657098003
MA1594.1,ZNF382,24,1077,41,55.0,37.27590926876116,1.4630612588922698,-2.411998720488623,-2.9524219094185296,0.4909090909090909,0.8100470957613815,0.9404049950697181
MA0072.2,RORA,11,912,137,49.0,32.385795703579156,1.4976429031056373,-2.4114660209621746,-2.605782704247092,0.46938775510204084,0.810243328100471,0.9404049950697181
MA1530.2,NKX6-3,8,631,157,36.0,22.051619108640228,1.6050933266605827,-2.4098676917191106,-4.037972107308742,0.6388888888888888,0.8114207221350078,0.9404049950697181
MA1566.3,TBX3,9,1404,233,67.0,47.25094260581521,1.4092988929879398,-2.40753650494027,-3.320398167729462,0.47761194029850745,0.8125981161695447,0.9404049950697181
MA0696.1,ZIC1,14,10373,21,434.0,380.6438682345261,1.1398060763095654,-2.405831065416583,-3.9628039252733087,0.4631336405529954,0.8131868131868132,0.9404049950697181
MA1498.3,HOXA7,6,950,129,48.0,31.601172009682465,1.5030134494995189,-2.405454182107215,-3.75441288410538,0.5,0.8135792778649922,0.9404049950697181
MA2575.1,ZNF536,5,5244,-30,242.0,202.70521990526245,1.1929002119484835,-2.402439476517913,-3.6409979531854604,0.5909090909090909,0.8139717425431711,0.9404049950697181
MA1975.2,ZNF214,13,1043,-37,52.0,34.874805598830875,1.4773599219650466,-2.3995756071014664,-2.767161903365757,0.5769230769230769,0.8149529042386185,0.9404722643478509
MA0071.1,RORA,10,1098,165,48.0,31.67893471458506,1.4994368827491376,-2.386320043425368,-2.4912801265155853,0.4583333333333333,0.8196624803767661,0.943155743804728
MA1567.3,Tbx6,9,1452,223,69.0,49.0380063504475,1.39893663048336,-2.3861794435683272,-5.685241178310073,0.5362318840579711,0.8196624803767661,0.943155743804728
MA1116.2,RBPJ,6,4448,101,191.0,156.47586864208643,1.2192344240143902,-2.385352715936855,-2.796925089165671,0.5287958115183246,0.820054945054945,0.943155743804728
MA0495.4,MAFF,11,926,10,43.0,27.67447860701664,1.5344655644142458,-2.3820487146131044,-3.498475767002487,0.5348837209302325,0.8220172684458399,0.9442466179168734
MA0754.3,CUX1,9,553,220,33.0,19.834161931725287,1.6319350934978762,-2.3771084132558227,-3.73556422112667,0.36363636363636365,0.8231946624803768,0.9442466179168734
MA1600.2,ZNF684,14,3492,86,164.0,132.23683236690314,1.2383962982970693,-2.375892401676185,-2.8952360718347814,0.43902439024390244,0.8237833594976453,0.9442466179168734
MA0074.1,RXRA::VDR,15,1887,188,93.0,69.58736517708968,1.331683081868443,-2.3729173309429705,-3.1006566443701122,0.4731182795698925,0.8249607535321821,0.9445337166845996
MA1514.2,KLF17,14,7146,-42,266.0,225.08517189770504,1.1809708604897244,-2.369005468142766,-3.256508793300341,0.5,0.8259419152276295,0.9445957481671767
MA1497.2,HOXA6,7,796,6,29.0,16.823671498191192,1.6831548989805216,-2.362245073876199,-7.532937043929499,0.4482758620689655,0.8277080062794349,0.9450473307180625
MA1124.1,ZNF24,13,727,141,40.0,25.38665164741161,1.5538159425400941,-2.355117525315253,-3.334528037735356,0.55,0.8306514913657771,0.9450473307180625
MA2570.1,ZNF746,11,7763,36,335.0,289.046926196499,1.1584332383938765,-2.3533529156501922,-3.1740355230408692,0.4835820895522388,0.8310439560439561,0.9450473307180625
MA0613.1,FOXG1,8,683,-9,25.0,13.86388059784116,1.7492067316375146,-2.3505343784735704,-2.9316681887567246,0.32,0.832221350078493,0.9450473307180625
MA0800.2,EOMES,9,1253,178,62.0,43.366870573062926,1.4199784475727721,-2.3477532359256457,-4.194976359220009,0.532258064516129,0.8332025117739403,0.9450473307180625
MA0030.2,FOXF2,9,738,-18,39.0,24.628805620664043,1.5607438205293782,-2.3456700061542324,-3.490662938962562,0.46153846153846156,0.8341836734693877,0.9450473307180625
MA2117.1,FOXP4,7,756,94,34.0,20.716270219118826,1.6116948097830486,-2.34350945381742,-2.8731523617740926,0.5,0.8347723704866562,0.9450473307180625
MA1722.2,ZSCAN31,18,1895,132,87.0,64.60227272733064,1.3414169409307402,-2.342435653204224,-6.269685634778895,0.4827586206896552,0.8355572998430141,0.9450473307180625
MA2125.1,Zfp809,9,970,208,49.0,32.67978569957538,1.4845700161515687,-2.3405675224127593,-3.875553928068739,0.6326530612244898,0.8363422291993721,0.9450473307180625
MA0882.2,DLX6,6,950,175,48.0,31.867191511226967,1.4908484037421421,-2.340495093961168,-5.05268427288705,0.4791666666666667,0.8363422291993721,0.9450473307180625
MA0063.3,NKX2-5,7,953,69,39.0,24.649366221699744,1.5594927240798413,-2.339965324641622,-4.0032204462434855,0.6666666666666666,0.8365384615384616,0.9450473307180625
MA0066.2,PPARG,19,1600,162,79.0,57.796610169459896,1.360622657827195,-2.3338295553411026,-2.757853482160679,0.5189873417721519,0.8383045525902669,0.9459937309961042
MA1500.2,HOXB6,7,796,5,29.0,16.928506788005205,1.6733128059538702,-2.3265260712451172,-3.596448600452593,0.5517241379310345,0.8408555729984302,0.9472174037485797
MA1719.2,ZNF816,15,5160,193,204.0,168.85372491940336,1.2069208378990437,-2.3245672475969936,-2.7155206125119435,0.5245098039215687,0.841248037676609,0.9472174037485797
MA2336.1,ZSCAN21,7,1814,-13,75.0,54.49536593194606,1.369483716770131,-2.314674569825685,-5.230105204642069,0.6666666666666666,0.8451726844583988,0.9495379994080577
MA0017.3,NR2F1,12,1298,204,61.0,42.696678251082254,1.4188721541657328,-2.314050303500021,-4.261407333384714,0.4918032786885246,0.8451726844583988,0.9495379994080577
MA2576.1,ZXDB,7,7431,233,267.0,226.8027641809804,1.1764563128263206,-2.2999117943169756,-4.595758069511748,0.449438202247191,0.8504709576138147,0.9517697170841581
MA2548.1,ZNF226,17,575,-26,28.0,16.25192012323639,1.6809723087542165,-2.2987357944909914,-2.40666354828811,0.2857142857142857,0.8510596546310832,0.9517697170841581
MA0802.2,TBR1,9,1075,172,52.0,35.319697213792345,1.4592632666517202,-2.2972940034906575,-4.180069665822792,0.5,0.8514521193092621,0.9517697170841581
MA0624.3,Nfatc1,6,3382,-48,107.0,82.27385743757708,1.2969256297627125,-2.2952951034058917,-13.167115886648455,0.5700934579439252,0.8518445839874411,0.9517697170841581
MA0858.1,Rarb,17,1758,51,78.0,57.21085464767438,1.3571352023287324,-2.2867739747311764,-3.340917193481243,0.5128205128205128,0.8559654631083202,0.9517697170841581
MA0073.2,RREB1,19,5406,195,256.0,216.84535996293442,1.179735937656545,-2.285306574741888,-2.7250114143715956,0.3671875,0.8563579277864992,0.9517697170841581
MA2493.1,ZNF322,13,2076,59,95.0,71.88237540577033,1.3171908772940375,-2.2840000347041847,-3.3403994096384184,0.6,0.8571428571428571,0.9517697170841581
MA0869.3,Sox11,8,1398,-12,61.0,42.84802286825878,1.4139748144694864,-2.283138520463301,-2.898709772361882,0.4098360655737705,0.8575353218210361,0.9517697170841581
MA0140.3,GATA1::TAL1,17,864,137,45.0,29.6757821046187,1.4995542686774401,-2.2817935363165645,-3.5188283337617503,0.5111111111111111,0.8577315541601256,0.9517697170841581
MA2508.1,CASZ1,14,543,33,27.0,15.546012270334678,1.69225064882861,-2.281563604078368,-2.932753974253086,0.4074074074074074,0.8577315541601256,0.9517697170841581
MA1150.2,RORB,10,967,133,49.0,32.94835847383888,1.472825263069222,-2.2772398524410775,-4.087781904845548,0.5918367346938775,0.8585164835164835,0.9517697170841581
MA1978.2,ZNF354A,20,356,-4,13.0,5.61914460385999,2.1150769227546147,-2.276834950259507,-3.8481110549211492,0.0,0.858712715855573,0.9517697170841581
MA1421.1,TCF7L1,12,978,-20,51.0,34.60615384610523,1.4604217075719905,-2.272851361206149,-3.102208517582606,0.4117647058823529,0.8593014128728415,0.9517697170841581
MA0906.2,HOXC12,10,693,5,24.0,13.35546038637001,1.7414976132522084,-2.2628318027647505,-4.097103055481297,0.4166666666666667,0.8634222919937206,0.9546933156710039
MA1468.1,ATOH7,10,764,213,38.0,24.141047168465114,1.5512480342870694,-2.261582265932899,-2.7354388782136736,0.5,0.8638147566718996,0.9546933156710039
MA1494.2,HNF4A,14,1796,175,82.0,60.845794392576174,1.3420476010566553,-2.251681219198608,-4.069794414216621,0.45121951219512196,0.8679356357927787,0.9582084646509658
MA1707.2,DMRTA1,10,540,-7,24.0,13.42210386184957,1.733450281559258,-2.237731983819404,-4.066674873340045,0.5833333333333334,0.8718602825745683,0.9604601383172812
MA0019.2,Ddit3::Cebpa,10,871,157,44.0,29.050028752193285,1.4975027269055625,-2.236442427088272,-2.938494712912761,0.4318181818181818,0.8718602825745683,0.9604601383172812
MA2507.1,NACC2,24,286,-35,15.0,7.023867174304526,1.9940509547862513,-2.229991422981161,-2.4693944099875704,0.4666666666666667,0.8744113029827315,0.9622301487466559
MA2338.1,Ppara,7,2014,96,85.0,63.58505990154279,1.3315773048922364,-2.2262885099069525,-2.8881608228041373,0.49411764705882355,0.8755886970172685,0.9624863886306327
MA0807.1,TBX5,8,1486,23,64.0,45.6707778000277,1.3927344489202282,-2.2228749986710903,-2.9415899638945318,0.546875,0.8765698587127159,0.9625266013235533
MA0899.2,HOXA10,9,419,56,18.0,9.127067366488461,1.8761601273506892,-2.2148475586098195,-3.6263187366706306,0.7777777777777778,0.8787284144427001,0.9638581854866646
MA0847.4,FOXD2,11,445,160,30.0,18.043190832621182,1.6278784512780642,-2.212192098940357,-2.251712066340524,0.23333333333333334,0.880298273155416,0.9641501853984592
MA0756.3,ONECUT2,8,623,129,31.0,18.831234257090095,1.613616156470912,-2.2076463273723808,-10.852673593344173,0.3548387096774194,0.8808869701726845,0.9641501853984592
MA0803.1,TBX15,8,1549,185,72.0,52.582333083278634,1.3623893511046277,-2.199427373044828,-5.94408259605192,0.3888888888888889,0.8855965463108321,0.9674414163389817
MA1930.2,CTCF,33,6396,94,267.0,227.99646895630028,1.170323722551123,-2.1990730371411478,-4.174702231277386,0.4606741573033708,0.8857927786499215,0.9674414163389817
MA0483.2,Gfi1B,10,1033,94,45.0,30.03007897859037,1.4824325787806834,-2.195613809092256,-6.266214650829612,0.5111111111111111,0.8877551020408163,0.9675106406198842
MA0480.3,Foxo1,7,948,-48,34.0,21.218016027422465,1.5752981704937759,-2.1947081553424534,-3.8283515474608856,0.4411764705882353,0.8877551020408163,0.9675106406198842
MA1502.2,HOXB8,7,796,93,37.0,23.67508122994239,1.5400151937043378,-2.1719176322774576,-3.149684926610174,0.5945945945945946,0.8932496075353218,0.9724587073488172
MA0122.4,Nkx3-2,10,820,-28,39.0,25.292591525177237,1.5213410957111944,-2.1671129062998546,-3.184311143480759,0.6410256410256411,0.8944270015698587,0.9727012962643394
MA0757.2,ONECUT3,12,321,156,22.0,12.137455515881792,1.7507195340981696,-2.163306344091153,-3.6242061851635152,0.3181818181818182,0.8956043956043956,0.972943367932707
MA0630.2,SHOX,6,950,175,48.0,32.66015404844359,1.455727146390339,-2.1550146183296515,-4.269661241174198,0.5208333333333334,0.8985478806907379,0.974782167537053
MA2564.1,ZNF43,12,1446,154,69.0,50.299640515957236,1.3645319790930277,-2.1501281576965567,-2.6759795017582015,0.4492753623188406,0.9005102040816326,0.974782167537053
MA0717.2,RAX2,6,950,85,43.0,28.594346829803627,1.4867704380516635,-2.149424470546972,-3.8242789133561765,0.5581395348837209,0.9005102040816326,0.974782167537053
MA0779.2,PAX1,16,4122,-2,182.0,150.63787375405803,1.206822513858301,-2.1442435989651343,-2.913274223445391,0.5054945054945055,0.901883830455259,0.974782167537053
MA1565.2,TBX18,9,1329,232,61.0,43.560864843574905,1.391355401598306,-2.1417325511671845,-3.2899679934850408,0.5081967213114754,0.9020800627943485,0.974782167537053
MA0771.1,HSF4,13,1459,99,61.0,43.590166131033776,1.3904411079744634,-2.1360657233156926,-3.1718563736515035,0.5081967213114754,0.9034536891679749,0.9748351233045112
MA1729.2,ZNF680,11,988,222,52.0,36.070208284441755,1.4297195093517705,-2.1324560179914176,-2.808053594087832,0.5,0.9040423861852434,0.9748351233045112
MA0152.3,Nfatc2,8,909,130,43.0,28.700884685887843,1.4814373533090843,-2.123699350069946,-6.525684196785735,0.5348837209302325,0.9067896389324961,0.9759436143883271
MA0719.2,RHOXF1,6,1240,96,60.0,42.82199496068884,1.3919950484846921,-2.12149270030037,-2.9376523348829005,0.3333333333333333,0.9069858712715856,0.9759436143883271
MA2457.1,ZNF260,22,537,14,23.0,13.003170943136958,1.713897523457896,-2.1167387293001423,-2.7912730910586654,0.4782608695652174,0.9085557299843015,0.9766015705211004
MA0002.3,Runx1,9,1600,160,73.0,53.95373153839309,1.346587355006099,-2.109313144593336,-4.129403394199803,0.589041095890411,0.9109105180533752,0.9779593155943695
MA1714.2,ZNF675,19,1784,146,83.0,62.61755938072718,1.3203901692815905,-2.1038532650362787,-3.0445206374195424,0.4578313253012048,0.9124803767660911,0.9779593155943695
MA1647.3,Prdm4,11,1566,100,72.0,53.149399155610055,1.348122068542601,-2.10007224795662,-4.690303011986098,0.4583333333333333,0.9136577708006279,0.9779593155943695
MA2341.1,FEZF2,8,1879,103,83.0,62.64460846086173,1.3198290009381677,-2.0995770008515984,-5.031734836210655,0.5180722891566265,0.9136577708006279,0.9779593155943695
MA1720.2,ZNF85,12,849,-1,38.0,24.755035488458816,1.5142669874198555,-2.0981716519791953,-3.156620498559529,0.5789473684210527,0.9150313971742543,0.9780051110913646
MA1506.2,HOXD10,10,752,5,30.0,18.41537507816526,1.5966727336039435,-2.0969997060987935,-2.5324441874343893,0.5,0.9156200941915228,0.9780051110913646
MA1146.2,NR1H4::RXRA,13,1871,76,86.0,65.32843428764723,1.3116546611473772,-2.087636773900262,-3.199932746559076,0.5,0.917778649921507,0.9780961284465609
MA1972.1,ZFP14,15,5712,47,249.0,212.8417754567791,1.169088684687474,-2.0761501264309734,-3.021175352142591,0.4738955823293173,0.9195447409733124,0.9780961284465609
MA1152.2,SOX15,7,1314,123,60.0,43.05809719811318,1.3845355083245032,-2.0760160569347925,-3.2976659268940884,0.4666666666666667,0.9195447409733124,0.9780961284465609
MA0681.3,PHOX2B,12,363,-4,10.0,4.019933556183964,2.191264062937507,-2.075757380640655,-3.796337711776261,0.6,0.9195447409733124,0.9780961284465609
MA0647.2,GRHL1,10,1029,82,45.0,30.57066226560634,1.4570489403420988,-2.069103958551365,-3.763477697369405,0.4888888888888889,0.9213108320251178,0.9781413526949242
MA0902.3,HOXB2,6,1178,210,76.0,56.77561442627374,1.3327422090553116,-2.069067864798652,-19.82887090686523,0.5,0.9215070643642073,0.9781413526949242
MA0890.2,GBX2,6,950,16,28.0,17.006464446292576,1.6105327109881877,-2.0518522017339818,-3.777391815882319,0.5,0.9268053375196232,0.9799112989157401
MA2334.1,ZNF547,13,1250,-3,58.0,41.501976284671535,1.3881707430456245,-2.05029405294792,-6.217414305958952,0.603448275862069,0.9270015698587127,0.9799112989157401
MA0672.2,NKX2-3,8,1235,24,52.0,36.46859494150608,1.4145179471699085,-2.048760603361215,-2.9714435967908,0.5,0.9270015698587127,0.9799112989157401
MA0484.3,HNF4G,9,1570,-46,75.0,56.04711663525571,1.3322321001063744,-2.0468575914194163,-3.214062166870631,0.49333333333333335,0.9271978021978022,0.9799112989157401
MA0804.2,TBX19,17,829,206,43.0,29.06343906511453,1.4635717458904225,-2.0379818217798453,-2.8315716488371043,0.5581395348837209,0.9279827315541601,0.9799112989157401
MA2494.1,ZNF436,22,5343,141,217.0,183.81984577584225,1.179527009585324,-2.034208588091307,-3.9565196479062497,0.4377880184331797,0.9293563579277865,0.9803458889528099
MA0508.4,PRDM1,7,2205,85,88.0,67.44918907844591,1.3002345418292964,-2.030751506612321,-4.289359025774128,0.48863636363636365,0.9307299843014128,0.9807795801480245
MA0643.2,Esrrg,9,1597,165,68.0,50.18067556965016,1.3481650883271379,-2.020148407970051,-3.634701759847381,0.45588235294117646,0.9328885400313972,0.9814379192972735
MA2126.1,Zfp961,8,10423,135,379.0,334.9213218035064,1.131217268257467,-2.0171574563159558,-4.402147464013409,0.5277044854881267,0.9332810047095761,0.9814379192972735
MA0125.2,Nobox,6,950,85,43.0,29.200819672270775,1.4569140995997238,-2.0062277141295515,-5.161064589860333,0.4418604651162791,0.9350470957613815,0.98151342124327
MA1503.2,HOXB9,9,711,7,30.0,18.74494175402712,1.5700223574312306,-1.9992686864151439,-4.294065209812469,0.5,0.9368131868131868,0.98151342124327
MA0851.2,Foxj3,9,505,183,29.0,17.96442687740006,1.5819091288095317,-1.9977109242377948,-2.5287435360056816,0.3793103448275862,0.9370094191522763,0.98151342124327
MA1110.3,Nr1H4,6,2378,212,94.0,72.96136363656086,1.284454414156302,-1.994842485827776,-4.0128581067752,0.5212765957446809,0.9372056514913658,0.98151342124327
MA0141.4,ESRRB,10,1296,179,61.0,44.37462235650224,1.3664025567612315,-1.9885175369731163,-3.6675115872066217,0.4426229508196721,0.9383830455259027,0.9817374983479413
MA0700.3,LHX2,6,950,179,49.0,34.28186714531182,1.4171585589297218,-1.9823517308920804,-4.85051829220433,0.6122448979591837,0.9405416012558869,0.9821243107937359
MA0479.2,FOXH1,8,659,137,30.0,18.851249623928506,1.5616145374864914,-1.9685729965939716,-3.460571903819453,0.43333333333333335,0.9444662480376766,0.9821243107937359
MA0897.2,Hmx2,15,539,67,29.0,18.070520231299355,1.573108632388681,-1.9663873510657588,-3.297411453966058,0.5517241379310345,0.9452511773940345,0.9821243107937359
MA0699.2,LBX2,6,950,174,48.0,33.538587848851826,1.418703052204519,-1.9631857470267042,-5.542823813775392,0.4583333333333333,0.9460361067503925,0.9821243107937359
MA0078.3,Sox17,10,889,-6,44.0,30.22600000001884,1.44110676999849,-1.9609072850086917,-3.107667339250702,0.4318181818181818,0.9462323390894819,0.9821243107937359
MA1603.2,Dmrt1,9,596,196,33.0,21.26640459623532,1.5269640795869008,-1.9604460899836218,-5.861258004290784,0.5454545454545454,0.9462323390894819,0.9821243107937359
MA0461.3,Atoh1,8,528,214,30.0,18.903811252225907,1.5574906537828614,-1.9535428317416283,-3.4145571860575887,0.5333333333333333,0.9479984301412873,0.9821243107937359
MA0752.2,ZNF410,16,704,87,37.0,24.52275616578973,1.4888674151475285,-1.95248068310858,-2.9042548293128463,0.2972972972972973,0.9483908948194663,0.9821243107937359
MA0809.3,TEAD4,8,1026,103,48.0,33.59451741869728,1.4164094098192854,-1.9514391419928019,-3.583242202564945,0.4583333333333333,0.9483908948194663,0.9821243107937359
MA0677.2,Nr2f6,13,1980,-42,81.0,61.86157517921283,1.3044534720331968,-1.9511659536427826,-3.2301463123812666,0.5061728395061729,0.9483908948194663,0.9821243107937359
MA1121.2,TEAD2,7,1549,193,67.0,50.012975256606246,1.332994197220322,-1.9022218050373758,-3.3916242421915506,0.4626865671641791,0.957221350078493,0.98873954085581
MA0842.3,NRL,12,1185,42,52.0,37.22513089024292,1.386522394185664,-1.8968061085333119,-3.046303519199428,0.4423076923076923,0.9585949764521193,0.98873954085581
MA2001.2,Six4,7,1300,-11,53.0,38.09031368524672,1.3814163896152214,-1.8930356665640384,-3.6308143170617737,0.4339622641509434,0.9595761381475667,0.98873954085581
MA0596.1,SREBF2,10,1346,103,59.0,43.234019848562475,1.3564220526511765,-1.8859083214009182,-3.03802769421664,0.5932203389830508,0.9611459968602826,0.98873954085581
MA0755.2,CUX2,9,531,-14,22.0,12.912391739353621,1.6532024421753808,-1.8810986769422342,-3.584883446338092,0.5454545454545454,0.9623233908948194,0.98873954085581
MA0753.3,ZNF740,10,9696,195,367.0,325.7962382445563,1.1260839536488454,-1.8785181374923021,-3.447365647557547,0.4359673024523161,0.9625196232339089,0.98873954085581
MA2526.1,ZNF721,14,599,2,22.0,12.920907080277017,1.6521911874971236,-1.878189275169661,-3.235210347935831,0.5454545454545454,0.9625196232339089,0.98873954085581
MA2335.1,ZNF558,29,278,23,14.0,7.039655996591118,1.8657514707544858,-1.8734244888263845,-2.742131168739294,0.5,0.9636970172684458,0.98873954085581
MA2124.1,Hmga1,8,596,137,35.0,23.22077922044719,1.4863270777683646,-1.8724102432555847,-3.2112336122932206,0.4857142857142857,0.9638932496075353,0.98873954085581
MA0688.2,TBX2,9,1099,185,54.0,39.073357335670664,1.3724829576742905,-1.8673548287468313,-4.092041797086361,0.46296296296296297,0.9644819466248038,0.98873954085581
MA0090.4,TEAD1,9,1080,44,50.0,35.77812018496779,1.3866940382897839,-1.8493900683280475,-3.6808702928238115,0.54,0.966640502354788,0.9895648134137808
MA1117.2,RELB,7,2807,160,117.0,94.58065520679264,1.2345594382535063,-1.8467196935511045,-3.632801244098635,0.42735042735042733,0.9672291993720565,0.9895648134137808
MA1115.2,POU5F1,7,987,140,51.0,36.6774654595252,1.3801352974727215,-1.839000778747684,-5.264133306821227,0.49019607843137253,0.9686028257456829,0.989976208059028
MA2556.1,ZNF510,15,1175,111,55.0,40.10745891281278,1.3622831836619647,-1.8333846953231192,-2.8418663948856198,0.4909090909090909,0.9697802197802198,0.9901864167896232
MA0909.4,Hoxd13,7,699,178,38.0,25.855170617189,1.4522343036255947,-1.8293002135990462,-3.046554082960794,0.3684210526315789,0.9707613814756672,0.9901960437674723
MA0631.2,Six3,11,692,198,34.0,22.703412073564305,1.4765806665882688,-1.7991818643590507,-3.730098358608206,0.4411764705882353,0.9756671899529042,0.9922204257105882
MA2531.1,ZNF775,15,2727,192,116.0,94.0879201169314,1.2304402058234412,-1.7991276562238565,-3.236350833515364,0.5689655172413793,0.9756671899529042,0.9922204257105882
MA2629.1,GSC::TBX21,16,1140,137,53.0,38.59573048705808,1.363783401284893,-1.7977047736900702,-2.997179619569964,0.5283018867924528,0.9756671899529042,0.9922204257105882
MA2528.1,ZNF732,16,3494,165,137.0,113.4544081556827,1.2057202708373644,-1.7599125140206635,-4.779024547773469,0.5401459854014599,0.9799843014128728,0.995023829329464
MA0614.1,Foxj2,8,596,93,30.0,19.636873466598807,1.5021655315265716,-1.7537002868805212,-2.5237208263781628,0.5,0.9803767660910518,0.995023829329464
MA0463.3,BCL6,13,1390,41,58.0,43.330398027724705,1.330915187431901,-1.7192920611995446,-3.6288544318685565,0.6206896551724138,0.9835164835164835,0.9970210136356118
MA0597.3,THAP1,8,4644,232,169.0,143.3731709312088,1.1775040951410698,-1.700091826257594,-3.809433729196639,0.514792899408284,0.9843014128728415,0.9970210136356118
MA1653.2,ZNF148,10,21600,1,1133.0,1065.2775683033353,1.063512947950715,-1.688260392640766,-2.6996843268023354,0.5657546337157988,0.9858712715855573,0.9976194893204399
MA0718.2,RAX,6,950,16,28.0,18.357487923527486,1.4981282754542136,-1.6658933933962896,-3.3358765110877684,0.5,0.9880298273155416,0.9988118988437865
MA1487.3,FOXE1,12,512,192,32.0,21.838862558771154,1.4449055821007386,-1.6134842576930142,-3.239851996463983,0.5,0.9909733124018838,0.9990134089512971
MA1730.2,ZNF708,9,3170,23,133.0,111.32320386391595,1.1929859137774093,-1.605525273791437,-3.397106638411139,0.43609022556390975,0.9911695447409733,0.9990134089512971
MA0695.3,ZBTB7C,8,4099,168,152.0,129.1621872105188,1.1754565844268143,-1.568658484818244,-4.304339260515503,0.5263157894736842,0.9919544740973313,0.9990134089512971
MA2490.1,ZFP3,12,1114,6,40.0,28.807473841975284,1.3754939522001106,-1.5560924504726792,-3.5080997472739246,0.475,0.9921507064364207,0.9990134089512971
MA0910.3,HOXD8,7,796,206,43.0,31.524752474915385,1.352815829541973,-1.525471298693472,-2.762908138505844,0.4883720930232558,0.993916797488226,0.9998037676609104
MA0898.2,Hmx3,9,603,142,31.0,22.099476439652147,1.3853127833265249,-1.371512359899703,-3.6185208392720423,0.4838709677419355,0.9968602825745683,1.0
MA0856.1,RXRG,14,1848,106,78.0,64.14982703090409,1.212589558565152,-1.2910503697854756,-3.57643029062271,0.5,0.9970565149136578,1.0
MA0151.1,Arid3a,6,1896,-33,79.0,66.00397313399762,1.1939590483688531,-1.186145661248428,-2.1523055877636392,0.4810126582278481,0.9980376766091051,1.0
MA0130.1,ZNF354C,6,1382,236,60.0,49.31806832709768,1.2122881904659644,-1.1145815216658739,-3.7788570449735084,0.4,0.9980376766091051,1.0
MA1125.2,ZNF384,8,7080,-37,532.0,531.9999999975967,1.000000000004509,-0.2960507926386998,-0.29605079264761874,0.7988721804511278,0.9990188383045526,1.0
MA2593.1,ZNF362,10,4869,-37,443.0,442.9999999967047,1.0000000000074218,-0.29557647384205765,-0.2955764738554481,0.8261851015801355,1.0,1.0
